Line Section,Equipment / Asset ID,Manufacturer Code Pillow Block,Manufacturer Pillow Block,Manufacturer Code Bearing,Manufacturer Bearing,Bearing Type,Lubricant Type,Grease Fitting Position,Bearing Volume,Pillow Block 1st Fill %,Pillow Block 1st Fill g,Lubrication Grease (g),Lubrication Period (weeks)
PROCESS SECTION,BRU - 001 - ENTRY ROLL - BRIDLE ROLL UNIT #2 - Driven Side,FSAFS-220,TORRINGTON,22220EJW33,TIMKEN,Spherical Roller Bearing,UNIREX EP2 GREASE,Pillow Block - Sides,177 cm3,40%,63 g,37 g,36
PROCESS SECTION,BRU - 002 - ENTRY ROLL - BRIDLE ROLL UNIT #2 - OPS Side,FSAFS-220,TORRINGTON,22220EJW33,TIMKEN,Spherical Roller Bearing,UNIREX EP2 GREASE,Pillow Block - Sides,177 cm3,40%,63 g,37 g,36
PROCESS SECTION,BRU - 003 - MIDDLE ROLL - BRIDLE ROLL UNIT #2 - Driven Side,FSAFS-220,TORRINGTON,22220EJW33,TIMKEN,Spherical Roller Bearing,UNIREX EP2 GREASE,Pillow Block - Sides,177 cm3,40%,63 g,37 g,36
PROCESS SECTION,BRU - 004 - MIDDLE ROLL - BRIDLE ROLL UNIT #2 - OPS Side,FSAFS-220,TORRINGTON,22220EJW33,TIMKEN,Spherical Roller Bearing,UNIREX EP2 GREASE,Pillow Block - Sides,177 cm3,40%,63 g,37 g,36
PROCESS SECTION,BRU - 005 - EXIT ROLL - BRIDLE ROLL UNIT #2 - Driven Side,FSAFS-220,TORRINGTON,22220EJW33,TIMKEN,Spherical Roller Bearing,UNIREX EP2 GREASE,Pillow Block - Sides,177 cm3,40%,63 g,37 g,36
PROCESS SECTION,BRU - 006 - EXIT ROLL - BRIDLE ROLL UNIT #2 - OPS Side,FSAFS-220,TORRINGTON,22220EJW33,TIMKEN,Spherical Roller Bearing,UNIREX EP2 GREASE,Pillow Block - Sides,177 cm3,40%,63 g,37 g,36
PROCESS SECTION,CDR - 007 - DEFLECTOR ROLL #3 - Driven Side,04693120-519,DOFASCO,22232CCK-C3-W33,SKF,Spherical Roller Bearing,MOBILGEAR MS 320,Pillow Block - Sides,830 cm3,40%,295 g,103 g,2
PROCESS SECTION,CDR - 008 - DEFLECTOR ROLL #3 - OPS Side,04693120-519,DOFASCO,22232CCK-C3-W33,SKF,Spherical Roller Bearing,MOBILGEAR MS 320,Pillow Block - Sides,830 cm3,40%,295 g,103 g,2
PROCESS SECTION,SKR - 009 - SINK ROLL #4 - Driven Side,04693220-514-1,DOFASCO,22224CCKC3/W33,SKF,Spherical Roller Bearing,MOBILGEAR MS 320,Pillow Block - Sides,341 cm3,40%,121 g,55 g,2
PROCESS SECTION,SKR - 010 - SINK ROLL #4 - OPS Side,04693220-514-1,DOFASCO,22224CCKC3/W33,SKF,Spherical Roller Bearing,MOBILGEAR MS 320,Pillow Block - Sides,341 cm3,40%,121 g,55 g,2
PROCESS SECTION,CDR - 011 - CONDUCTOR ROLL #5 - Driven Side,04693120-519-1,DOFASCO,22232CCK-C3-W33,SKF,Spherical Roller Bearing,MOBILGEAR MS 320,Pillow Block - Sides,830 cm3,40%,295 g,103 g,2
PROCESS SECTION,CDR - 012 - CONDUCTOR ROLL #5 - OPS Side,04693120-519,DOFASCO,22232CCK-C3-W33,SKF,Spherical Roller Bearing,MOBILGEAR MS 320,Pillow Block - Sides,830 cm3,40%,295 g,103 g,2
PROCESS SECTION,HDR - 013 - HOLD DOWN ROLL #5S - Driven Side,04693120-526-1,DOFASCO,22316CC/W33,SKF,Spherical Roller Bearing,UNIREX EP2 GREASE,Pillow Block - Sides,222 cm3,40%,79 g,44 g,12
PROCESS SECTION,HDR - 014 - HOLD DOWN ROLL #5S - OPS Side,04693120-526-1,DOFASCO,22316CC/W33,SKF,Spherical Roller Bearing,UNIREX EP2 GREASE,Pillow Block - Sides,222 cm3,40%,79 g,44 g,12
PROCESS SECTION,SKR - 015 - SINK ROLL #6 - Driven Side,04693220-514-1,DOFASCO,22224CCKC3/W33,SKF,Spherical Roller Bearing,MOBILGEAR MS 320,Pillow Block - Sides,341 cm3,40%,121 g,55 g,2
PROCESS SECTION,SKR - 016 - SINK ROLL #6 - OPS Side,04693220-514-1,DOFASCO,22224CCKC3/W33,SKF,Spherical Roller Bearing,MOBILGEAR MS 320,Pillow Block - Sides,341 cm3,40%,121 g,55 g,2
PROCESS SECTION,CDR - 017 - CONDUCTOR ROLL #7 - Driven Side,04693120-519-1,DOFASCO,22232CCK-C3-W33,SKF,Spherical Roller Bearing,MOBILGEAR MS 320,Pillow Block - Sides,830 cm3,40%,295 g,103 g,2
PROCESS SECTION,CDR - 018 - CONDUCTOR ROLL #7 - OPS Side,04693120-519,DOFASCO,22232CCK-C3-W33,SKF,Spherical Roller Bearing,MOBILGEAR MS 320,Pillow Block - Sides,830 cm3,40%,295 g,103 g,2
PROCESS SECTION,HDR - 019 - HOLD DOWN ROLL # 7S - Driven Side,04693120-526-1,DOFASCO,22316CC/W33,SKF,Spherical Roller Bearing,UNIREX EP2 GREASE,Pillow Block - Sides,222 cm3,40%,79 g,44 g,12
PROCESS SECTION,HDR - 020 - HOLD DOWN ROLL # 7S - OPS Side,04693120-526-1,DOFASCO,22316CC/W33,SKF,Spherical Roller Bearing,UNIREX EP2 GREASE,Pillow Block - Sides,222 cm3,40%,79 g,44 g,12
PROCESS SECTION,SKR - 021 - SINK ROLL #8 - Driven Side,04693220-514-1,DOFASCO,22224CCKC3/W33,SKF,Spherical Roller Bearing,MOBILGEAR MS 320,Pillow Block - Sides,341 cm3,40%,121 g,55 g,2
PROCESS SECTION,SKR - 022 - SINK ROLL #8 - OPS Side,04693220-514-1,DOFASCO,22224CCKC3/W33,SKF,Spherical Roller Bearing,MOBILGEAR MS 320,Pillow Block - Sides,341 cm3,40%,121 g,55 g,2
PROCESS SECTION,CDR - 023 - CONDUCTOR ROLL #9 - Driven Side,04693120-526-1,DOFASCO,22316CC/W33,SKF,Spherical Roller Bearing,MOBILGEAR MS 320,Pillow Block - Sides,222 cm3,40%,79 g,44 g,3
PROCESS SECTION,CDR - 024 - CONDUCTOR ROLL #9 - OPS Side,04693120-526-1,DOFASCO,22316CC/W33,SKF,Spherical Roller Bearing,MOBILGEAR MS 320,Pillow Block - Sides,222 cm3,40%,79 g,44 g,3
PROCESS SECTION,HDR - 025 - HOLD DOWN ROLL #9S - Driven Side,04693120-526-1,DOFASCO,22316CC/W33,SKF,Spherical Roller Bearing,UNIREX EP2 GREASE,Pillow Block - Sides,222 cm3,40%,79 g,44 g,12
PROCESS SECTION,HDR - 026 - HOLD DOWN ROLL #9S - OPS Side,04693120-526-1,DOFASCO,22316CC/W33,SKF,Spherical Roller Bearing,UNIREX EP2 GREASE,Pillow Block - Sides,222 cm3,40%,79 g,44 g,12
PROCESS SECTION,SKR - 027 - SINK ROLL #10 - Driven Side,04693220-514-1,DOFASCO,22224CCKC3/W33,SKF,Spherical Roller Bearing,MOBILGEAR MS 320,Pillow Block - Sides,341 cm3,40%,121 g,55 g,2
PROCESS SECTION,SKR - 028 - SINK ROLL #10 - OPS Side,04693220-514-1,DOFASCO,22224CCKC3/W33,SKF,Spherical Roller Bearing,MOBILGEAR MS 320,Pillow Block - Sides,341 cm3,40%,121 g,55 g,2
PROCESS SECTION,CDR - 029 - DEFLECTOR  ROLL #11 - Driven Side,04693120-519-1,DOFASCO,22232CCK-C3-W33,SKF,Spherical Roller Bearing,MOBILGEAR MS 320,Pillow Block - Sides,830 cm3,40%,295 g,103 g,2
PROCESS SECTION,CDR - 030 - DEFLECTOR  ROLL #11 - OPS Side,04693120-519,DOFASCO,22232CCK-C3-W33,SKF,Spherical Roller Bearing,MOBILGEAR MS 320,Pillow Block - Sides,830 cm3,40%,295 g,103 g,2
PROCESS SECTION,HDR - 031 - HOLD DOWN ROLL #11S - Driven Side,04693120-526-1,DOFASCO,22316CC/W33,SKF,Spherical Roller Bearing,UNIREX EP2 GREASE,Pillow Block - Sides,222 cm3,40%,79 g,44 g,12
PROCESS SECTION,HDR - 032 - HOLD DOWN ROLL #11S - OPS Side,04693120-526-1,DOFASCO,22316CC/W33,SKF,Spherical Roller Bearing,UNIREX EP2 GREASE,Pillow Block - Sides,222 cm3,40%,79 g,44 g,12
PROCESS SECTION,SKR - 033 - SINK ROLL #12 - Driven Side,04693220-514-1,DOFASCO,22224CCKC3/W33,SKF,Spherical Roller Bearing,MOBILGEAR MS 320,Pillow Block - Sides,341 cm3,40%,121 g,55 g,2
PROCESS SECTION,SKR - 034 - SINK ROLL #12 - OPS Side,04693220-514-1,DOFASCO,22224CCKC3/W33,SKF,Spherical Roller Bearing,MOBILGEAR MS 320,Pillow Block - Sides,341 cm3,40%,121 g,55 g,2
PROCESS SECTION,DFR - 035 - DEFLECTOR  ROLL #13 - Driven Side,04693120-519,DOFASCO,22232CCK-C3-W33,SKF,Spherical Roller Bearing,MOBILGEAR MS 320,Pillow Block - Sides,830 cm3,40%,295 g,103 g,2
PROCESS SECTION,DFR - 036 - DEFLECTOR  ROLL #13 - OPS Side,04693120-519,DOFASCO,22232CCK-C3-W33,SKF,Spherical Roller Bearing,MOBILGEAR MS 320,Pillow Block - Sides,830 cm3,40%,295 g,103 g,2
PROCESS SECTION,HDR - 037 - HOLD DOWN ROLL #13S - Driven Side,04693120-526-1,DOFASCO,22316CC/W33,SKF,Spherical Roller Bearing,UNIREX EP2 GREASE,Pillow Block - Sides,222 cm3,40%,79 g,44 g,12
PROCESS SECTION,HDR - 038 - HOLD DOWN ROLL #13S - OPS Side,04693120-526-1,DOFASCO,22316CC/W33,SKF,Spherical Roller Bearing,UNIREX EP2 GREASE,Pillow Block - Sides,222 cm3,40%,79 g,44 g,12
PROCESS SECTION,DFR - 039 - DEFLECTOR ROLL #14 - Driven Side,FSAFS-317,SKF,22317CCC3/W33,SKF,Spherical Roller Bearing,UNIREX EP2 GREASE,Pillow Block - Sides,250 cm3,40%,89 g,48 g,2
PROCESS SECTION,DFR - 040 - DEFLECTOR ROLL #14 - OPS Side,FSAFS-317,SKF,22317CCC3/W33,SKF,Spherical Roller Bearing,UNIREX EP2 GREASE,Pillow Block - Sides,250 cm3,40%,89 g,48 g,2
PROCESS SECTION,SKR - 041 - SINK ROLL #15 - Driven Side,FSAFS-317,SKF,22317CCC3/W33,SKF,Spherical Roller Bearing,UNIREX EP2 GREASE,Pillow Block - Sides,250 cm3,40%,89 g,48 g,2
PROCESS SECTION,SKR - 042 - SINK ROLL #15 - OPS Side,FSAFS-317,SKF,22317CCC3/W33,SKF,Spherical Roller Bearing,UNIREX EP2 GREASE,Pillow Block - Sides,250 cm3,40%,89 g,48 g,2
PROCESS SECTION,SKR - 043 - SINK ROLL #16 - Driven Side,FSAFS-317,SKF,22317CCC3/W33,SKF,Spherical Roller Bearing,UNIREX EP2 GREASE,Pillow Block - Sides,250 cm3,40%,89 g,48 g,2
PROCESS SECTION,SKR - 044 - SINK ROLL #16 - OPS Side,FSAFS-317,SKF,22317CCC3/W33,SKF,Spherical Roller Bearing,UNIREX EP2 GREASE,Pillow Block - Sides,250 cm3,40%,89 g,48 g,2
PROCESS SECTION,PIR - 045 - PINCH ROLL #17 - Driven Side,FSAFS-317,SKF,22317CCC3/W33,SKF,Spherical Roller Bearing,UNIREX EP2 GREASE,Pillow Block - Sides,250 cm3,40%,89 g,48 g,2
PROCESS SECTION,PIR - 046 - PINCH ROLL #17 - OPS Side,FSAFS-317,SKF,22317CCC3/W33,SKF,Spherical Roller Bearing,UNIREX EP2 GREASE,Pillow Block - Sides,250 cm3,40%,89 g,48 g,2
PROCESS SECTION,PIR - 047 - PINCH ROLL #17S - Driven Side,FSAFS-317,SKF,22317CCC3/W33,SKF,Spherical Roller Bearing,UNIREX EP2 GREASE,Pillow Block - Sides,250 cm3,40%,89 g,48 g,1
PROCESS SECTION,PIR - 048 - PINCH ROLL #17S - OPS Side,FSAFS-317,SKF,22317CCC3/W33,SKF,Spherical Roller Bearing,UNIREX EP2 GREASE,Pillow Block - Sides,250 cm3,40%,89 g,48 g,1
PROCESS SECTION,DFR - 049 - DEFLECTOR ROLL #18 - Driven Side,FSAFS-317,SKF,22317CCC3/W33,SKF,Spherical Roller Bearing,UNIREX EP2 GREASE,Pillow Block - Sides,250 cm3,40%,89 g,48 g,2
PROCESS SECTION,DFR - 050 - DEFLECTOR ROLL #18 - OPS Side,FSAFS-317,SKF,22317CCC3/W33,SKF,Spherical Roller Bearing,UNIREX EP2 GREASE,Pillow Block - Sides,250 cm3,40%,89 g,48 g,2
PROCESS SECTION,SKR - 051 - ROLL ASSY #19 - Driven Side,04693220-514-1,DOFASCO,22224CCKC3/W33,SKF,Spherical Roller Bearing,UNIREX EP2 GREASE,Pillow Block - Sides,341 cm3,40%,121 g,55 g,2
PROCESS SECTION,SKR - 052 - ROLL ASSY #19 - OPS Side,04693220-514-1,DOFASCO,22224CCKC3/W33,SKF,Spherical Roller Bearing,UNIREX EP2 GREASE,Pillow Block - Sides,341 cm3,40%,121 g,55 g,2
PROCESS SECTION,WRA - 053 - WRINGER ROLL #20 - Driven Side,04693330-509-1,DOFASCO,22215CC/W33,SKF,Spherical Roller Bearing,UNIREX EP2 GREASE,Pillow Block - Center,59 cm3,20%,11 g,7 g,1
PROCESS SECTION,WRA - 054 - WRINGER ROLL #20 - OPS Side,04693330-509-1,DOFASCO,22215CC/W33,SKF,Spherical Roller Bearing,UNIREX EP2 GREASE,Pillow Block - Center,59 cm3,20%,11 g,7 g,1
PROCESS SECTION,WRA - 055 - WRINGER ROLL #20S - Driven Side,04693330-509-1,DOFASCO,22215CC/W33,SKF,Spherical Roller Bearing,UNIREX EP2 GREASE,Pillow Block - Center,59 cm3,20%,11 g,7 g,1
PROCESS SECTION,WRA - 056 - WRINGER ROLL #20S - OPS Side,04693330-509-1,DOFASCO,22215CC/W33,SKF,Spherical Roller Bearing,UNIREX EP2 GREASE,Pillow Block - Center,59 cm3,20%,11 g,7 g,1
PROCESS SECTION,WRA - 057 - WRINGER ROLL #21 - Driven Side,04693330-509-1,DOFASCO,22215CC/W33,SKF,Spherical Roller Bearing,UNIREX EP2 GREASE,Pillow Block - Center,59 cm3,20%,11 g,7 g,1
PROCESS SECTION,WRA - 058 - WRINGER ROLL #21 - OPS Side,04693330-509-1,DOFASCO,22215CC/W33,SKF,Spherical Roller Bearing,UNIREX EP2 GREASE,Pillow Block - Center,59 cm3,20%,11 g,7 g,1
PROCESS SECTION,WRA - 059 - WRINGER ROLL #21S - Driven Side,04693330-509-1,DOFASCO,22215CC/W33,SKF,Spherical Roller Bearing,UNIREX EP2 GREASE,Pillow Block - Center,59 cm3,20%,11 g,7 g,1
PROCESS SECTION,WRA - 060 - WRINGER ROLL #21S - OPS Side,04693330-509-1,DOFASCO,22215CC/W33,SKF,Spherical Roller Bearing,UNIREX EP2 GREASE,Pillow Block - Center,59 cm3,20%,11 g,7 g,1
PROCESS SECTION,DFR - 061 - DEFLECTOR ROLL #22 - Driven Side,FSAFS-317,SKF,22317CCC3/W33,SKF,Spherical Roller Bearing,UNIREX EP2 GREASE,Pillow Block - Sides,250 cm3,40%,89 g,48 g,20
PROCESS SECTION,DFR - 062 - DEFLECTOR ROLL #22 - OPS Side,FSAFS-317,SKF,22317CCC3/W33,SKF,Spherical Roller Bearing,UNIREX EP2 GREASE,Pillow Block - Sides,250 cm3,40%,89 g,48 g,20
PROCESS SECTION,DFR - 063 - DEFLECTOR ROLL #22A - Driven Side,FSAFS-317,SKF,22317CCC3/W33,SKF,Spherical Roller Bearing,UNIREX EP2 GREASE,Pillow Block - Sides,250 cm3,40%,89 g,48 g,20
PROCESS SECTION,DFR - 064 - DEFLECTOR ROLL #22A - OPS Side,FSAFS-317,SKF,22317CCC3/W33,SKF,Spherical Roller Bearing,UNIREX EP2 GREASE,Pillow Block - Sides,250 cm3,40%,89 g,48 g,20
PROCESS SECTION,SKR -065 - SINK ROLL (R23) - Driven Side,04693220-514-21,DOFASCO,22224CCKC3/W33,SKF,Spherical Roller Bearing,UNIREX EP2 GREASE,Pillow Block - Sides,341 cm3,40%,121 g,55 g,2
PROCESS SECTION,SKR - 066 - SINK ROLL (R23) - OPS Side,04693220-514-21,DOFASCO,22224CCKC3/W33,SKF,Spherical Roller Bearing,UNIREX EP2 GREASE,Pillow Block - Sides,341 cm3,40%,121 g,55 g,2
PROCESS SECTION,CDR - 067 - CONDUCTOR ROLL #24 - Driven Side,04693120-519 (DG),DOFASCO,22232CCK-C3-W33,SKF,Spherical Roller Bearing,UNIREX EP2 GREASE,Pillow Block - Sides,830 cm3,40%,295 g,103 g,0
PROCESS SECTION,CDR - 068 - CONDUCTOR ROLL #24 - OPS Side,04693120-519 (DG),DOFASCO,22232CCK-C3-W33,SKF,Spherical Roller Bearing,UNIREX EP2 GREASE,Pillow Block - Sides,830 cm3,40%,295 g,103 g,0
PROCESS SECTION,HDR - 069 - HOLD DOWN ROLL #24S - Driven Side,04696100-503,DOFASCO,22316CC/W33,SKF,Spherical Roller Bearing,UNIREX EP2 GREASE,Pillow Block - Sides,222 cm3,40%,79 g,44 g,12
PROCESS SECTION,HDR - 070 - HOLD DOWN ROLL #24S - OPS Side,04693300-504,DOFASCO,22316CC/W33,SKF,Spherical Roller Bearing,UNIREX EP2 GREASE,Pillow Block - Sides,222 cm3,40%,79 g,44 g,12
PROCESS SECTION,SKR - 071 - SINK ROLL #25 - Driven Side,04694100-510 (DD),DOFASCO,22224CCKC3/W33,SKF,Spherical Roller Bearing,UNIREX EP2 GREASE,Pillow Block - Sides,341 cm3,40%,121 g,55 g,2
PROCESS SECTION,SKR - 072 - SINK ROLL #25 - OPS Side,04694100-510 (DD),DOFASCO,22224CCKC3/W33,SKF,Spherical Roller Bearing,UNIREX EP2 GREASE,Pillow Block - Sides,341 cm3,40%,121 g,55 g,2
PROCESS SECTION,CDR - 073 - CONDUCTOR ROLL #26 - Driven Side,04693120-519 (DG),DOFASCO,22232CCK-C3-W33,SKF,Spherical Roller Bearing,UNIREX EP2 GREASE,Pillow Block - Sides,830 cm3,40%,295 g,103 g,0
PROCESS SECTION,CDR - 074 - CONDUCTOR ROLL #26 - OPS Side,04693120-519 (DG),DOFASCO,22232CCK-C3-W33,SKF,Spherical Roller Bearing,UNIREX EP2 GREASE,Pillow Block - Sides,830 cm3,40%,295 g,103 g,0
PROCESS SECTION,HDR - 075 - HOLD DOWN ROLL #26S - Driven Side,04693300-504 (FA),DOFASCO,22316CC/W33,SKF,Spherical Roller Bearing,UNIREX EP2 GREASE,Pillow Block - Sides,222 cm3,40%,79 g,44 g,12
PROCESS SECTION,HDR - 076 - HOLD DOWN ROLL #26S - OPS Side,04693300-504 (FA),DOFASCO,22316CC/W33,SKF,Spherical Roller Bearing,UNIREX EP2 GREASE,Pillow Block - Sides,222 cm3,40%,79 g,44 g,12
PROCESS SECTION,SKR - 077 - SINK ROLL #27 - Driven Side,04694100-510 (DD),DOFASCO,22224CCKC3/W33,SKF,Spherical Roller Bearing,UNIREX EP2 GREASE,Pillow Block - Sides,341 cm3,40%,121 g,55 g,2
PROCESS SECTION,SKR - 078 - SINK ROLL #27 - OPS Side,04694100-510 (DD),DOFASCO,22224CCKC3/W33,SKF,Spherical Roller Bearing,UNIREX EP2 GREASE,Pillow Block - Sides,341 cm3,40%,121 g,55 g,2
PROCESS SECTION,CDR - 079 - CONDUCTOR ROLL #28 - Driven Side,04693120-519 (DG),DOFASCO,22232CCK-C3-W33,SKF,Spherical Roller Bearing,UNIREX EP2 GREASE,Pillow Block - Sides,830 cm3,40%,295 g,103 g,0
PROCESS SECTION,CDR - 080 - CONDUCTOR ROLL #28 - OPS Side,04693120-519 (DG),DOFASCO,22232CCK-C3-W33,SKF,Spherical Roller Bearing,UNIREX EP2 GREASE,Pillow Block - Sides,830 cm3,40%,295 g,103 g,0
PROCESS SECTION,HDR - 081 - HOLD DOWN ROLL #28S - Driven Side,04693300-504 (FA),DOFASCO,22316CC/W33,SKF,Spherical Roller Bearing,UNIREX EP2 GREASE,Pillow Block - Sides,222 cm3,40%,79 g,44 g,12
PROCESS SECTION,HDR - 082 - HOLD DOWN ROLL #28S - OPS Side,04693300-504 (FA),DOFASCO,22316CC/W33,SKF,Spherical Roller Bearing,UNIREX EP2 GREASE,Pillow Block - Sides,222 cm3,40%,79 g,44 g,12
PROCESS SECTION,SKR - 083 - SINK ROLL #29 - Driven Side,04694100-510 (DD),DOFASCO,22224CCKC3/W33,SKF,Spherical Roller Bearing,UNIREX EP2 GREASE,Pillow Block - Sides,341 cm3,40%,121 g,55 g,2
PROCESS SECTION,SKR - 084 - SINK ROLL #29 - OPS Side,04694100-510 (DD),DOFASCO,22224CCKC3/W33,SKF,Spherical Roller Bearing,UNIREX EP2 GREASE,Pillow Block - Sides,341 cm3,40%,121 g,55 g,2
PROCESS SECTION,CDR - 085 - CONDUCTOR ROLL #30 - Driven Side,04693120-519 (DG),DOFASCO,22232CCK-C3-W33,SKF,Spherical Roller Bearing,UNIREX EP2 GREASE,Pillow Block - Sides,830 cm3,40%,295 g,103 g,0
PROCESS SECTION,CDR - 086 - CONDUCTOR ROLL #30 - OPS Side,04693120-519 (DG),DOFASCO,22232CCK-C3-W33,SKF,Spherical Roller Bearing,UNIREX EP2 GREASE,Pillow Block - Sides,830 cm3,40%,295 g,103 g,0
PROCESS SECTION,HDR - 087 - HOLD DOWN ROLL #30S - Driven Side,04693300-504 (FA),DOFASCO,22316CC/W33,SKF,Spherical Roller Bearing,UNIREX EP2 GREASE,Pillow Block - Sides,222 cm3,40%,79 g,44 g,12
PROCESS SECTION,HDR - 088 - HOLD DOWN ROLL #30S - OPS Side,04693300-504 (FA),DOFASCO,22316CC/W33,SKF,Spherical Roller Bearing,UNIREX EP2 GREASE,Pillow Block - Sides,222 cm3,40%,79 g,44 g,12
PROCESS SECTION,SKR - 089 - SINK ROLL #31 - Driven Side,04694100-510 (DD),DOFASCO,22224CCKC3/W33,SKF,Spherical Roller Bearing,UNIREX EP2 GREASE,Pillow Block - Sides,341 cm3,40%,121 g,55 g,2
PROCESS SECTION,SKR - 090 - SINK ROLL #31 - OPS Side,04694100-510 (DD),DOFASCO,22224CCKC3/W33,SKF,Spherical Roller Bearing,UNIREX EP2 GREASE,Pillow Block - Sides,341 cm3,40%,121 g,55 g,2
PROCESS SECTION,CDR - 091 - CONDUCTOR ROLL #32 - Driven Side,04693120-519 (DG),DOFASCO,22232CCK-C3-W33,SKF,Spherical Roller Bearing,UNIREX EP2 GREASE,Pillow Block - Sides,830 cm3,40%,295 g,103 g,0
PROCESS SECTION,CDR - 092 - CONDUCTOR ROLL #32 - OPS Side,04693120-519 (DG),DOFASCO,22232CCK-C3-W33,SKF,Spherical Roller Bearing,UNIREX EP2 GREASE,Pillow Block - Sides,830 cm3,40%,295 g,103 g,0
PROCESS SECTION,HDR - 093 - HOLD DOWN ROLL #32S - Driven Side,04693300-504 (FA),DOFASCO,22316CC/W33,SKF,Spherical Roller Bearing,UNIREX EP2 GREASE,Pillow Block - Sides,222 cm3,40%,79 g,44 g,12
PROCESS SECTION,HDR - 094 - HOLD DOWN ROLL #32S - OPS Side,04693300-504 (FA),DOFASCO,22316CC/W33,SKF,Spherical Roller Bearing,UNIREX EP2 GREASE,Pillow Block - Sides,222 cm3,40%,79 g,44 g,12
PROCESS SECTION,SKR - 095 - SINK ROLL #33 - Driven Side,04694100-510 (DD),DOFASCO,22224CCKC3/W33,SKF,Spherical Roller Bearing,UNIREX EP2 GREASE,Pillow Block - Sides,341 cm3,40%,121 g,55 g,2
PROCESS SECTION,SKR - 096 - SINK ROLL #33 - OPS Side,04694100-510 (DD),DOFASCO,22224CCKC3/W33,SKF,Spherical Roller Bearing,UNIREX EP2 GREASE,Pillow Block - Sides,341 cm3,40%,121 g,55 g,2
PROCESS SECTION,CDR - 097 - CONDUCTOR ROLL #34 - Driven Side,04693120-519 (DG),DOFASCO,22232CCK-C3-W33,SKF,Spherical Roller Bearing,UNIREX EP2 GREASE,Pillow Block - Sides,830 cm3,40%,295 g,103 g,0
PROCESS SECTION,CDR - 098 - CONDUCTOR ROLL #34 - OPS Side,04693120-519 (DG),DOFASCO,22232CCK-C3-W33,SKF,Spherical Roller Bearing,UNIREX EP2 GREASE,Pillow Block - Sides,830 cm3,40%,295 g,103 g,0
PROCESS SECTION,HDR - 099 - HOLD DOWN ROLL #34S - Driven Side,04693300-504 (FA),DOFASCO,22316CC/W33,SKF,Spherical Roller Bearing,UNIREX EP2 GREASE,Pillow Block - Sides,222 cm3,40%,79 g,44 g,12
PROCESS SECTION,HDR - 100 - HOLD DOWN ROLL #34S - OPS Side,04693300-504 (FA),DOFASCO,22316CC/W33,SKF,Spherical Roller Bearing,UNIREX EP2 GREASE,Pillow Block - Sides,222 cm3,40%,79 g,44 g,12
PROCESS SECTION,SKR - 101 - SINK ROLL #35 - Driven Side,04694100-510 (DD),DOFASCO,22224CCKC3/W33,SKF,Spherical Roller Bearing,UNIREX EP2 GREASE,Pillow Block - Sides,341 cm3,40%,121 g,55 g,2
PROCESS SECTION,SKR - 102 - SINK ROLL #35 - OPS Side,04694100-510 (DD),DOFASCO,22224CCKC3/W33,SKF,Spherical Roller Bearing,UNIREX EP2 GREASE,Pillow Block - Sides,341 cm3,40%,121 g,55 g,2
PROCESS SECTION,CDR - 103 - CONDUCTOR ROLL #36 - Driven Side,04693120-519 (DG),DOFASCO,22232CCK-C3-W33,SKF,Spherical Roller Bearing,UNIREX EP2 GREASE,Pillow Block - Sides,830 cm3,40%,295 g,103 g,0
PROCESS SECTION,CDR - 104 - CONDUCTOR ROLL #36 - OPS Side,04693120-519 (DG),DOFASCO,22232CCK-C3-W33,SKF,Spherical Roller Bearing,UNIREX EP2 GREASE,Pillow Block - Sides,830 cm3,40%,295 g,103 g,0
PROCESS SECTION,HDR - 105 - HOLD DOWN ROLL #36S - Driven Side,04693300-504 (FA),DOFASCO,22316CC/W33,SKF,Spherical Roller Bearing,UNIREX EP2 GREASE,Pillow Block - Sides,222 cm3,40%,79 g,44 g,12
PROCESS SECTION,HDR - 106 - HOLD DOWN ROLL #36S - OPS Side,04693300-504 (FA),DOFASCO,22316CC/W33,SKF,Spherical Roller Bearing,UNIREX EP2 GREASE,Pillow Block - Sides,222 cm3,40%,79 g,44 g,12
PROCESS SECTION,SKR - 107 - SINK ROLL #37 - Driven Side,04694100-510 (DD),DOFASCO,22224CCKC3/W33,SKF,Spherical Roller Bearing,UNIREX EP2 GREASE,Pillow Block - Sides,341 cm3,40%,121 g,55 g,2
PROCESS SECTION,SKR - 108 - SINK ROLL #37 - OPS Side,04694100-510 (DD),DOFASCO,22224CCKC3/W33,SKF,Spherical Roller Bearing,UNIREX EP2 GREASE,Pillow Block - Sides,341 cm3,40%,121 g,55 g,2
PROCESS SECTION,WRA - 109 - WRINGER ROLL #38 - Driven Side,04693330-509-1 (B),DOFASCO,22215CC/W33,SKF,Spherical Roller Bearing,UNIREX EP2 GREASE,Pillow Block - Center,59 cm3,20%,11 g,7 g,1
PROCESS SECTION,WRA - 110 - WRINGER ROLL #38 - OPS Side,04693330-509-1 (B),DOFASCO,22215CC/W33,SKF,Spherical Roller Bearing,UNIREX EP2 GREASE,Pillow Block - Center,59 cm3,20%,11 g,7 g,1
PROCESS SECTION,WRA - 111 - WRINGER ROLL #38S - Driven Side,04693330-509-1 (B),DOFASCO,22215CC/W33,SKF,Spherical Roller Bearing,UNIREX EP2 GREASE,Pillow Block - Center,59 cm3,20%,11 g,7 g,1
PROCESS SECTION,WRA - 112 - WRINGER ROLL #38S - OPS Side,04693330-509-1 (B),DOFASCO,22215CC/W33,SKF,Spherical Roller Bearing,UNIREX EP2 GREASE,Pillow Block - Center,59 cm3,20%,11 g,7 g,1
PROCESS SECTION,WRA - 113 - WRINGER ROLL #39 - Driven Side,04693330-509-1 (B),DOFASCO,22215CC/W33,SKF,Spherical Roller Bearing,UNIREX EP2 GREASE,Pillow Block - Center,59 cm3,20%,11 g,7 g,1
PROCESS SECTION,WRA - 114 - WRINGER ROLL #39 - OPS Side,04693330-509-1 (B),DOFASCO,22215CC/W33,SKF,Spherical Roller Bearing,UNIREX EP2 GREASE,Pillow Block - Center,59 cm3,20%,11 g,7 g,1
PROCESS SECTION,WRA - 115 - WRINGER ROLL #39S - Driven Side,04693330-509-1 (B),DOFASCO,22215CC/W33,SKF,Spherical Roller Bearing,UNIREX EP2 GREASE,Pillow Block - Center,59 cm3,20%,11 g,7 g,1
PROCESS SECTION,WRA - 116 - WRINGER ROLL #39S - OPS Side,04693330-509-1 (B),DOFASCO,22215CC/W33,SKF,Spherical Roller Bearing,UNIREX EP2 GREASE,Pillow Block - Center,59 cm3,20%,11 g,7 g,1
PROCESS SECTION,DFR - 117 - DEFLECTOR ROLL #40 - Driven Side,FSAFS-317,SKF,22317CCC3/W33,SKF,Spherical Roller Bearing,UNIREX EP2 GREASE,Pillow Block - Sides,250 cm3,40%,89 g,48 g,20
PROCESS SECTION,DFR - 118 - DEFLECTOR ROLL #40 - OPS Side,FSAFS-317,SKF,22317CCC3/W33,SKF,Spherical Roller Bearing,UNIREX EP2 GREASE,Pillow Block - Sides,250 cm3,40%,89 g,48 g,20
PROCESS SECTION,SKR - 119 - SINK ROLL #41 - Driven Side,04693220-514 (AA),DOFASCO,22224CCKC3/W33,SKF,Spherical Roller Bearing,UNIREX EP2 GREASE,Pillow Block - Sides,341 cm3,40%,121 g,55 g,2
PROCESS SECTION,SKR - 120 - SINK ROLL #41 - OPS Side,04693220-514 (AA),DOFASCO,22224CCKC3/W33,SKF,Spherical Roller Bearing,UNIREX EP2 GREASE,Pillow Block - Sides,341 cm3,40%,121 g,55 g,2
PROCESS SECTION,CDR - 121 - CONDUCTOR ROLL #42 - Driven Side,04693120-519 (DG),DOFASCO,22232CCK-C3-W33,SKF,Spherical Roller Bearing,UNIREX EP2 GREASE,Pillow Block - Sides,830 cm3,40%,295 g,103 g,1
PROCESS SECTION,CDR - 122 - CONDUCTOR ROLL #42 - OPS Side,04693120-519 (DG),DOFASCO,22232CCK-C3-W33,SKF,Spherical Roller Bearing,UNIREX EP2 GREASE,Pillow Block - Sides,830 cm3,40%,295 g,103 g,1
PROCESS SECTION,HDR - 123 - HOLD DOWN ROLL 42S - Driven Side,04695130-037-1,DOFASCO,22208CC,SKF,Spherical Roller Bearing,UNIREX EP2 GREASE,Pillow Block - Sides,20 cm3,40%,7 g,8 g,19
PROCESS SECTION,HDR - 124 - HOLD DOWN ROLL 42S - OPS Side,04695130-037-1,DOFASCO,22208CC,SKF,Spherical Roller Bearing,UNIREX EP2 GREASE,Pillow Block - Sides,20 cm3,40%,7 g,8 g,19
PROCESS SECTION,SKR - 125 - SINK ROLL #43 - Driven Side,04693220-514 (AA),DOFASCO,22224CCKC3/W33,SKF,Spherical Roller Bearing,UNIREX EP2 GREASE,Pillow Block - Sides,341 cm3,40%,121 g,55 g,2
PROCESS SECTION,SKR - 126 - SINK ROLL #43 - OPS Side,04693220-514 (AA),DOFASCO,22224CCKC3/W33,SKF,Spherical Roller Bearing,UNIREX EP2 GREASE,Pillow Block - Sides,341 cm3,40%,121 g,55 g,2
PROCESS SECTION,CDR - 127 - CONDUCTOR ROLL #44 - Driven Side,04693120-519 (DG),DOFASCO,22232CCK-C3-W33,SKF,Spherical Roller Bearing,UNIREX EP2 GREASE,Pillow Block - Sides,830 cm3,40%,295 g,103 g,1
PROCESS SECTION,CDR - 128 - CONDUCTOR ROLL #44 - OPS Side,04693120-519 (DG),DOFASCO,22232CCK-C3-W33,SKF,Spherical Roller Bearing,UNIREX EP2 GREASE,Pillow Block - Sides,830 cm3,40%,295 g,103 g,1
PROCESS SECTION,HDR - 129 - HOLD DOWN ROLL 44S - Driven Side,04695130-037-1,DOFASCO,22208CC,SKF,Spherical Roller Bearing,UNIREX EP2 GREASE,Pillow Block - Sides,20 cm3,40%,7 g,8 g,19
PROCESS SECTION,HDR - 130 - HOLD DOWN ROLL 44S - OPS Side,04695130-037-1,DOFASCO,22208CC,SKF,Spherical Roller Bearing,UNIREX EP2 GREASE,Pillow Block - Sides,20 cm3,40%,7 g,8 g,19
PROCESS SECTION,SKR - 131 - SINK ROLL #45 - Driven Side,04693220-514 (AA),DOFASCO,22224CCKC3/W33,SKF,Spherical Roller Bearing,UNIREX EP2 GREASE,Pillow Block - Sides,341 cm3,40%,121 g,55 g,2
PROCESS SECTION,SKR - 132 - SINK ROLL #45 - OPS Side,04693220-514 (AA),DOFASCO,22224CCKC3/W33,SKF,Spherical Roller Bearing,UNIREX EP2 GREASE,Pillow Block - Sides,341 cm3,40%,121 g,55 g,2
PROCESS SECTION,CDR - 133 - CONDUCTOR ROLL #46 - Driven Side,04693120-519 (DG),DOFASCO,22232CCK-C3-W33,SKF,Spherical Roller Bearing,UNIREX EP2 GREASE,Pillow Block - Sides,830 cm3,40%,295 g,103 g,1
PROCESS SECTION,CDR - 134 - CONDUCTOR ROLL #46 - OPS Side,04693120-519 (DG),DOFASCO,22232CCK-C3-W33,SKF,Spherical Roller Bearing,UNIREX EP2 GREASE,Pillow Block - Sides,830 cm3,40%,295 g,103 g,1
PROCESS SECTION,HDR - 135 - HOLD DOWN ROLL 46S - Driven Side,04695130-037-1,DOFASCO,22208CC,SKF,Spherical Roller Bearing,UNIREX EP2 GREASE,Pillow Block - Sides,20 cm3,40%,7 g,8 g,19
PROCESS SECTION,HDR - 136 - HOLD DOWN ROLL 46S - OPS Side,04695130-037-1,DOFASCO,22208CC,SKF,Spherical Roller Bearing,UNIREX EP2 GREASE,Pillow Block - Sides,20 cm3,40%,7 g,8 g,19
PROCESS SECTION,SKR - 137 - SINK ROLL #47 - Driven Side,04693220-514 (AA),DOFASCO,22224CCKC3/W33,SKF,Spherical Roller Bearing,UNIREX EP2 GREASE,Pillow Block - Sides,341 cm3,40%,121 g,55 g,2
PROCESS SECTION,SKR - 138 - SINK ROLL #47 - OPS Side,04693220-514 (AA),DOFASCO,22224CCKC3/W33,SKF,Spherical Roller Bearing,UNIREX EP2 GREASE,Pillow Block - Sides,341 cm3,40%,121 g,55 g,2
PROCESS SECTION,CDR - 139 - CONDUCTOR ROLL #48 - Driven Side,04693120-519 (DG),DOFASCO,22232CCK-C3-W33,SKF,Spherical Roller Bearing,UNIREX EP2 GREASE,Pillow Block - Sides,830 cm3,40%,295 g,103 g,1
PROCESS SECTION,CDR - 140 - CONDUCTOR ROLL #48 - OPS Side,04693120-519 (DG),DOFASCO,22232CCK-C3-W33,SKF,Spherical Roller Bearing,UNIREX EP2 GREASE,Pillow Block - Sides,830 cm3,40%,295 g,103 g,1
PROCESS SECTION,HDR - 141 - HOLD DOWN ROLL 48S - Driven Side,04695130-037-1,DOFASCO,22208CC,SKF,Spherical Roller Bearing,UNIREX EP2 GREASE,Pillow Block - Sides,20 cm3,40%,7 g,8 g,19
PROCESS SECTION,HDR - 142 - HOLD DOWN ROLL 48S - OPS Side,04695130-037-1,DOFASCO,22208CC,SKF,Spherical Roller Bearing,UNIREX EP2 GREASE,Pillow Block - Sides,20 cm3,40%,7 g,8 g,19
PROCESS SECTION,SKR - 143 - SINK ROLL #49 - Driven Side,04693220-514 (AA),DOFASCO,22224CCKC3/W33,SKF,Spherical Roller Bearing,UNIREX EP2 GREASE,Pillow Block - Sides,341 cm3,40%,121 g,55 g,2
PROCESS SECTION,SKR - 144 - SINK ROLL #49 - OPS Side,04693220-514 (AA),DOFASCO,22224CCKC3/W33,SKF,Spherical Roller Bearing,UNIREX EP2 GREASE,Pillow Block - Sides,341 cm3,40%,121 g,55 g,2
PROCESS SECTION,CDR - 145 - CONDUCTOR ROLL #50 - Driven Side,04693120-519 (DG),DOFASCO,22232CCK-C3-W33,SKF,Spherical Roller Bearing,UNIREX EP2 GREASE,Pillow Block - Sides,830 cm3,40%,295 g,103 g,1
PROCESS SECTION,CDR - 146 - CONDUCTOR ROLL #50 - OPS Side,04693120-519 (DG),DOFASCO,22232CCK-C3-W33,SKF,Spherical Roller Bearing,UNIREX EP2 GREASE,Pillow Block - Sides,830 cm3,40%,295 g,103 g,1
PROCESS SECTION,HDR - 147 - HOLD DOWN ROLL 50S - Driven Side,04695130-037-1,DOFASCO,22208CC,SKF,Spherical Roller Bearing,UNIREX EP2 GREASE,Pillow Block - Sides,20 cm3,40%,7 g,8 g,19
PROCESS SECTION,HDR - 148 - HOLD DOWN ROLL 50S - OPS Side,04695130-037-1,DOFASCO,22208CC,SKF,Spherical Roller Bearing,UNIREX EP2 GREASE,Pillow Block - Sides,20 cm3,40%,7 g,8 g,19
PROCESS SECTION,SKR - 149 - SINK ROLL #51 - Driven Side,04693220-514 (AA),DOFASCO,22224CCKC3/W33,SKF,Spherical Roller Bearing,UNIREX EP2 GREASE,Pillow Block - Sides,341 cm3,40%,121 g,55 g,2
PROCESS SECTION,SKR - 150 - SINK ROLL #51 - OPS Side,04693220-514 (AA),DOFASCO,22224CCKC3/W33,SKF,Spherical Roller Bearing,UNIREX EP2 GREASE,Pillow Block - Sides,341 cm3,40%,121 g,55 g,2
PROCESS SECTION,CDR - 151 - CONDUCTOR ROLL #52 - Driven Side,04693120-519 (DG),DOFASCO,22232CCK-C3-W33,SKF,Spherical Roller Bearing,UNIREX EP2 GREASE,Pillow Block - Sides,830 cm3,40%,295 g,103 g,1
PROCESS SECTION,CDR - 152 - CONDUCTOR ROLL #52 - OPS Side,04693120-519 (DG),DOFASCO,22232CCK-C3-W33,SKF,Spherical Roller Bearing,UNIREX EP2 GREASE,Pillow Block - Sides,830 cm3,40%,295 g,103 g,1
PROCESS SECTION,HDR - 153 - HOLD DOWN ROLL 52S - Driven Side,04695130-037-1,DOFASCO,22208CC,SKF,Spherical Roller Bearing,UNIREX EP2 GREASE,Pillow Block - Sides,20 cm3,40%,7 g,8 g,19
PROCESS SECTION,HDR - 154 - HOLD DOWN ROLL 52S - OPS Side,04695130-037-1,DOFASCO,22208CC,SKF,Spherical Roller Bearing,UNIREX EP2 GREASE,Pillow Block - Sides,20 cm3,40%,7 g,8 g,19
PROCESS SECTION,SKR - 155 - SINK ROLL #51A - Driven Side,04693220-514 (AA),DOFASCO,22224CCKC3/W33,SKF,Spherical Roller Bearing,UNIREX EP2 GREASE,Pillow Block - Sides,341 cm3,40%,121 g,55 g,2
PROCESS SECTION,SKR - 156 - SINK ROLL #51A - OPS Side,04693220-514 (AA),DOFASCO,22224CCKC3/W33,SKF,Spherical Roller Bearing,UNIREX EP2 GREASE,Pillow Block - Sides,341 cm3,40%,121 g,55 g,2
PROCESS SECTION,CDR - 157 - CONDUCTOR ROLL #52A - Driven Side,04693120-519 (DG),DOFASCO,22232CCK-C3-W33,SKF,Spherical Roller Bearing,UNIREX EP2 GREASE,Pillow Block - Sides,830 cm3,40%,295 g,103 g,1
PROCESS SECTION,CDR - 158 - CONDUCTOR ROLL #52A - OPS Side,04693120-519 (DG),DOFASCO,22232CCK-C3-W33,SKF,Spherical Roller Bearing,UNIREX EP2 GREASE,Pillow Block - Sides,830 cm3,40%,295 g,103 g,1
PROCESS SECTION,HDR - 159 - HOLD DOWN ROLL 52AS - Driven Side,04695130-037-1,DOFASCO,22208CC,SKF,Spherical Roller Bearing,UNIREX EP2 GREASE,Pillow Block - Sides,20 cm3,40%,7 g,8 g,19
PROCESS SECTION,HDR - 160 - HOLD DOWN ROLL 52AS - OPS Side,04695130-037-1,DOFASCO,22208CC,SKF,Spherical Roller Bearing,UNIREX EP2 GREASE,Pillow Block - Sides,20 cm3,40%,7 g,8 g,19
PROCESS SECTION,SKR - 161 - SINK ROLL #53 - Driven Side,04693220-514 (AA),DOFASCO,22224CCKC3/W33,SKF,Spherical Roller Bearing,UNIREX EP2 GREASE,Pillow Block - Sides,341 cm3,40%,121 g,55 g,2
PROCESS SECTION,SKR - 162 - SINK ROLL #53 - OPS Side,04693220-514 (AA),DOFASCO,22224CCKC3/W33,SKF,Spherical Roller Bearing,UNIREX EP2 GREASE,Pillow Block - Sides,341 cm3,40%,121 g,55 g,2
PROCESS SECTION,CDR - 163 - CONDUCTOR ROLL #54 - Driven Side,04693120-519 (DG),DOFASCO,22232CCK-C3-W33,SKF,Spherical Roller Bearing,UNIREX EP2 GREASE,Pillow Block - Sides,830 cm3,40%,295 g,103 g,1
PROCESS SECTION,CDR - 164 - CONDUCTOR ROLL #54 - OPS Side,04693120-519 (DG),DOFASCO,22232CCK-C3-W33,SKF,Spherical Roller Bearing,UNIREX EP2 GREASE,Pillow Block - Sides,830 cm3,40%,295 g,103 g,1
PROCESS SECTION,HDR - 165 - HOLD DOWN ROLL 54S - Driven Side,04695130-037-1,DOFASCO,22208CC,SKF,Spherical Roller Bearing,UNIREX EP2 GREASE,Pillow Block - Sides,20 cm3,40%,7 g,8 g,19
PROCESS SECTION,HDR - 166 - HOLD DOWN ROLL 54S - OPS Side,04695130-037-1,DOFASCO,22208CC,SKF,Spherical Roller Bearing,UNIREX EP2 GREASE,Pillow Block - Sides,20 cm3,40%,7 g,8 g,19
PROCESS SECTION,SKR - 167 - SINK ROLL #55 - Driven Side,04693220-514 (AA),DOFASCO,22224CCKC3/W33,SKF,Spherical Roller Bearing,UNIREX EP2 GREASE,Pillow Block - Sides,341 cm3,40%,121 g,55 g,2
PROCESS SECTION,SKR - 168 - SINK ROLL #55 - OPS Side,04693220-514 (AA),DOFASCO,22224CCKC3/W33,SKF,Spherical Roller Bearing,UNIREX EP2 GREASE,Pillow Block - Sides,341 cm3,40%,121 g,55 g,2
PROCESS SECTION,WRA - 169 - WRINGER ROLL #56 - Driven Side,04693330-509-1 (B),DOFASCO,22215CC/W33,SKF,Spherical Roller Bearing,UNIREX EP2 GREASE,Pillow Block - Center,59 cm3,20%,11 g,7 g,1
PROCESS SECTION,WRA - 170 - WRINGER ROLL #56 - OPS Side,04693330-509 (BA),DOFASCO,22215CC/W33,SKF,Spherical Roller Bearing,UNIREX EP2 GREASE,Pillow Block - Center,59 cm3,20%,11 g,7 g,1
PROCESS SECTION,WRA - 171 - WRINGER ROLL #56S - Driven Side,04693330-509-1 (B),DOFASCO,22215CC/W33,SKF,Spherical Roller Bearing,UNIREX EP2 GREASE,Pillow Block - Center,59 cm3,20%,11 g,7 g,1
PROCESS SECTION,WRA - 172 - WRINGER ROLL #56S - OPS Side,04693330-509 (BA),DOFASCO,22215CC/W33,SKF,Spherical Roller Bearing,UNIREX EP2 GREASE,Pillow Block - Center,59 cm3,20%,11 g,7 g,1
PROCESS SECTION,WRA - 173 - WRINGER ROLL #57 - Driven Side,04693330-509-1 (B),DOFASCO,22215CC/W33,SKF,Spherical Roller Bearing,UNIREX EP2 GREASE,Pillow Block - Center,59 cm3,20%,11 g,7 g,1
PROCESS SECTION,WRA - 174 - WRINGER ROLL #57 - OPS Side,04693330-509 (BA),DOFASCO,22215CC/W33,SKF,Spherical Roller Bearing,UNIREX EP2 GREASE,Pillow Block - Center,59 cm3,20%,11 g,7 g,1
PROCESS SECTION,WRA - 175 - WRINGER ROLL #57S - Driven Side,04693330-509-1 (B),DOFASCO,22215CC/W33,SKF,Spherical Roller Bearing,UNIREX EP2 GREASE,Pillow Block - Center,59 cm3,20%,11 g,7 g,1
PROCESS SECTION,WRA - 176 - WRINGER ROLL #57S - OPS Side,04693330-509 (BA),DOFASCO,22215CC/W33,SKF,Spherical Roller Bearing,UNIREX EP2 GREASE,Pillow Block - Center,59 cm3,20%,11 g,7 g,1
PROCESS SECTION,DFR - 177 - DEFLECTOR ROLL #58 - Driven Side,FSAFS-317,SKF,22317CCC3/W33,SKF,Spherical Roller Bearing,UNIREX EP2 GREASE,Pillow Block - Sides,250 cm3,40%,89 g,48 g,20
PROCESS SECTION,DFR - 178 - DEFLECTOR ROLL #58 - OPS Side,FSAFS-317,SKF,22317CCC3/W33,SKF,Spherical Roller Bearing,UNIREX EP2 GREASE,Pillow Block - Sides,250 cm3,40%,89 g,48 g,20
PROCESS SECTION,CRO - 179 - STABILIZER ROLL M - Driven Side,P2B-SXR-111,DODGE,G1108KRR,FAF BEAR,Deep groove ball bearing,UNIREX EP2 GREASE,Pillow Block - Sides,125 cm3,40%,44 g,20 g,147
PROCESS SECTION,CRO - 180 - STABILIZER ROLL M - OPS Side,P2B-SXR-111,DODGE,G1108KRR,FAF BEAR,Deep groove ball bearing,UNIREX EP2 GREASE,Pillow Block - Sides,125 cm3,40%,44 g,20 g,147
PROCESS SECTION,TEN - 181 - ROLL (R59) - Driven Side,FSAFS-317,SKF,22317CCC3/W33,SKF,Spherical Roller Bearing,UNIREX EP2 GREASE,Pillow Block - Sides,250 cm3,40%,89 g,48 g,20
PROCESS SECTION,TEN - 182 - ROLL (R59) - OPS Side,FSAFS-317,SKF,22317CCC3/W33,SKF,Spherical Roller Bearing,UNIREX EP2 GREASE,Pillow Block - Sides,250 cm3,40%,89 g,48 g,20
PROCESS SECTION,BRU - 183 - ENTRY ROLL - ENTRY ROLL ASSY - Driven Side,FSAFS-220,TORRINGTON,22220EJW33,TIMKEN,Spherical Roller Bearing,UNIREX EP2 GREASE,Pillow Block - Sides,177 cm3,40%,63 g,37 g,36
PROCESS SECTION,BRU - 184 - ENTRY ROLL - ENTRY ROLL ASSY - OPS Side,FSAFS-220,TORRINGTON,22220EJW33,TIMKEN,Spherical Roller Bearing,UNIREX EP2 GREASE,Pillow Block - Sides,177 cm3,40%,63 g,37 g,36
PROCESS SECTION,BRU - 185 - MIDDLE ROLL - MIDDLE ROLL ASSY - Driven Side,FSAFS-220,TORRINGTON,22220EJW33,TIMKEN,Spherical Roller Bearing,UNIREX EP2 GREASE,Pillow Block - Sides,177 cm3,40%,63 g,37 g,36
PROCESS SECTION,BRU - 186 - MIDDLE ROLL - MIDDLE ROLL ASSY - OPS Side,FSAFS-220,TORRINGTON,22220EJW33,TIMKEN,Spherical Roller Bearing,UNIREX EP2 GREASE,Pillow Block - Sides,177 cm3,40%,63 g,37 g,36
PROCESS SECTION,BRU - 187 - EXIT ROLL - EXIT ROLL ASSY - Driven Side,FSAFS-220,TORRINGTON,22220EJW33,TIMKEN,Spherical Roller Bearing,UNIREX EP2 GREASE,Pillow Block - Sides,177 cm3,40%,63 g,37 g,36
PROCESS SECTION,BRU - 188 - EXIT ROLL - EXIT ROLL ASSY - OPS Side,FSAFS-220,TORRINGTON,22220EJW33,TIMKEN,Spherical Roller Bearing,UNIREX EP2 GREASE,Pillow Block - Sides,177 cm3,40%,63 g,37 g,36
PROCESS SECTION,CRO - 189 - STABILIZER ROLL N - MARKER UNIT - Driven Side,P2B-SXR-111,DODGE,G1108KRR,FAF BEAR,Deep groove ball bearing,UNIREX EP2 GREASE,Pillow Block - Sides,125 cm3,40%,44 g,20 g,15
PROCESS SECTION,CRO - 190 - STABILIZER ROLL N - MARKER UNIT - OPS Side,P2B-SXR-111,DODGE,G1108KRR,FAF BEAR,Deep groove ball bearing,UNIREX EP2 GREASE,Pillow Block - Sides,125 cm3,40%,44 g,20 g,15
PROCESS SECTION,SMR - 191 - PIC-UP ROLL #60A (RUBBER) - SINE MARKER UNIT - Driven Side,F-B22431H,LIN BELT,B22431HL,LIN BELT,Spherical Roller Bearing,UNIREX EP2 GREASE,Pillow Block - Center,163 cm3,20%,29 g,13 g,14
PROCESS SECTION,SMR - 192 - PIC-UP ROLL #60A (RUBBER) - SINE MARKER UNIT - OPS Side,F-B22431H,LIN BELT,B22431HL,LIN BELT,Spherical Roller Bearing,UNIREX EP2 GREASE,Pillow Block - Center,163 cm3,20%,29 g,13 g,14
PROCESS SECTION,SMR - 193 - TRANSFER ROLL #60B (STL) - SINE MARKER UNIT - Driven Side,F-B22431H,LIN BELT,B22431HL,LIN BELT,Spherical Roller Bearing,UNIREX EP2 GREASE,Pillow Block - Center,163 cm3,20%,29 g,13 g,14
PROCESS SECTION,SMR - 194 - TRANSFER ROLL #60B (STL) - SINE MARKER UNIT - OPS Side,F-B22431H,LIN BELT,B22431HL,LIN BELT,Spherical Roller Bearing,UNIREX EP2 GREASE,Pillow Block - Center,163 cm3,20%,29 g,13 g,14
PROCESS SECTION,SMR - 195 - SINE DIE ROLL ASSY #60C - SINE MARKER UNIT - Driven Side,F-B22431H,LIN BELT,B22431HL,LIN BELT,Spherical Roller Bearing,UNIREX EP2 GREASE,Pillow Block - Center,163 cm3,20%,29 g,13 g,19
PROCESS SECTION,SMR - 196 - SINE DIE ROLL ASSY #60C - SINE MARKER UNIT - OPS Side,F-B22431H,LIN BELT,B22431HL,LIN BELT,Spherical Roller Bearing,UNIREX EP2 GREASE,Pillow Block - Center,163 cm3,20%,29 g,13 g,19
PROCESS SECTION,DFR - 197 - DEFLECTOR ROLL #61 - Driven Side,FSAF 315,SKF,22315CC/W33,SKF,Spherical Roller Bearing,UNIREX EP2 GREASE,Pillow Block - Sides,191 cm3,40%,68 g,39 g,22
PROCESS SECTION,DFR - 198 - DEFLECTOR ROLL #61 - OPS Side,FSAF 315,SKF,22315CC/W33,SKF,Spherical Roller Bearing,UNIREX EP2 GREASE,Pillow Block - Sides,191 cm3,40%,68 g,39 g,22
PROCESS SECTION,LMR - 199 - ROLL R62A LINEAR BAND ROLL - Driven Side,F-B22431H,LIN BELT,B22431HL,LIN BELT,Spherical Roller Bearing,UNIREX EP2 GREASE,Pillow Block - Center,163 cm3,20%,29 g,13 g,21
PROCESS SECTION,LMR - 200 - ROLL R62A LINEAR BAND ROLL - OPS Side,F-B22431H,LIN BELT,B22431HL,LIN BELT,Spherical Roller Bearing,UNIREX EP2 GREASE,Pillow Block - Center,163 cm3,20%,29 g,13 g,21
PROCESS SECTION,LMR - 201 - ROLL R62B TRANSFER ROLL - Driven Side,F-B22431H,LIN BELT,B22431HL,LIN BELT,Spherical Roller Bearing,UNIREX EP2 GREASE,Pillow Block - Center,163 cm3,20%,29 g,13 g,14
PROCESS SECTION,LMR - 202 - ROLL R62B TRANSFER ROLL - OPS Side,F-B22431H,LIN BELT,B22431HL,LIN BELT,Spherical Roller Bearing,UNIREX EP2 GREASE,Pillow Block - Center,163 cm3,20%,29 g,13 g,14
PROCESS SECTION,"STR - 203 - ENTRY ROLL ASSEMBLY ""P"" - Driven Side",SAFS-215,TORRINGTON,22215CC/W33,SKF,Spherical Roller Bearing,UNIREX EP2 GREASE,Pillow Block - Sides,59 cm3,40%,21 g,18 g,15
PROCESS SECTION,"STR - 204 - ENTRY ROLL ASSEMBLY ""P"" - OPS Side",SAFS-215,TORRINGTON,22215CC/W33,SKF,Spherical Roller Bearing,UNIREX EP2 GREASE,Pillow Block - Sides,59 cm3,40%,21 g,18 g,15
PROCESS SECTION,"STR - 205 - EXIT ROLL ASSEMBLY ""Q"" - Driven Side",SAFS-215,TORRINGTON,22215CC/W33,SKF,Spherical Roller Bearing,UNIREX EP2 GREASE,Pillow Block - Sides,59 cm3,40%,21 g,18 g,15
PROCESS SECTION,"STR - 206 - EXIT ROLL ASSEMBLY ""Q"" - OPS Side",SAFS-215,TORRINGTON,22215CC/W33,SKF,Spherical Roller Bearing,UNIREX EP2 GREASE,Pillow Block - Sides,59 cm3,40%,21 g,18 g,15
PROCESS SECTION,DFR - 207 - DEFLECTOR ROLL 63 - Driven Side,SAFS-215,TORRINGTON,22215CC/W33,SKF,Spherical Roller Bearing,UNIREX EP2 GREASE,Pillow Block - Sides,59 cm3,40%,21 g,18 g,15
PROCESS SECTION,DFR - 208 - DEFLECTOR ROLL 63 - OPS Side,SAFS-215,TORRINGTON,22215CC/W33,SKF,Spherical Roller Bearing,UNIREX EP2 GREASE,Pillow Block - Sides,59 cm3,40%,21 g,18 g,15
PROCESS SECTION,DFR - 209 - DEFLECTOR ROLL 64 - Driven Side,SAFS-215,TORRINGTON,22215CC/W33,SKF,Spherical Roller Bearing,UNIREX EP2 GREASE,Pillow Block - Sides,59 cm3,40%,21 g,18 g,15
PROCESS SECTION,DFR - 210 - DEFLECTOR ROLL 64 - OPS Side,SAFS-215,TORRINGTON,22215CC/W33,SKF,Spherical Roller Bearing,UNIREX EP2 GREASE,Pillow Block - Sides,59 cm3,40%,21 g,18 g,15
PROCESS SECTION,DFR - 211 - DEFLECTOR ROLL 65 - Driven Side,SAFS-215,TORRINGTON,22215CC/W33,SKF,Spherical Roller Bearing,UNIREX EP2 GREASE,Pillow Block - Sides,59 cm3,40%,21 g,18 g,15
PROCESS SECTION,DFR - 212 - DEFLECTOR ROLL 65 - OPS Side,SAFS-215,TORRINGTON,22215CC/W33,SKF,Spherical Roller Bearing,UNIREX EP2 GREASE,Pillow Block - Sides,59 cm3,40%,21 g,18 g,15
PROCESS SECTION,DFR - 213 - DEFLECTOR ROLL 66 - Driven Side,SAFS-215,TORRINGTON,22215CC/W33,SKF,Spherical Roller Bearing,UNIREX EP2 GREASE,Pillow Block - Sides,59 cm3,40%,21 g,18 g,15
PROCESS SECTION,DFR - 214 - DEFLECTOR ROLL 66 - OPS Side,SAFS-215,TORRINGTON,22215CC/W33,SKF,Spherical Roller Bearing,UNIREX EP2 GREASE,Pillow Block - Sides,59 cm3,40%,21 g,18 g,15
PROCESS SECTION,DFR - 215 - DEFLECTOR ROLL 67 - Driven Side,04693220-514 (AA),DOFASCO,22224CCKC3/W33,SKF,Spherical Roller Bearing,UNIREX EP2 GREASE,Pillow Block - Sides,341 cm3,40%,121 g,55 g,18
PROCESS SECTION,DFR - 216 - DEFLECTOR ROLL 67 - OPS Side,04693220-514 (AA),DOFASCO,22224CCKC3/W33,SKF,Spherical Roller Bearing,UNIREX EP2 GREASE,Pillow Block - Sides,341 cm3,40%,121 g,55 g,18
PROCESS SECTION,WRA - 217 - WRINGER ROLL 68A - Driven Side,SAFS-217,SKF,22217CC/W33C3,SKF,Spherical Roller Bearing,UNIREX EP2 GREASE,Pillow Block - Sides,92 cm3,40%,33 g,24 g,20
PROCESS SECTION,WRA - 218 - WRINGER ROLL 68A - OPS Side,SAFS-217,SKF,22217CC/W33C3,SKF,Spherical Roller Bearing,UNIREX EP2 GREASE,Pillow Block - Sides,92 cm3,40%,33 g,24 g,20
PROCESS SECTION,WRA - 219 - ROLL 68B - Driven Side,SAFS-215,TORRINGTON,22215CC/W33,SKF,Spherical Roller Bearing,UNIREX EP2 GREASE,Pillow Block - Sides,59 cm3,40%,21 g,18 g,15
PROCESS SECTION,WRA - 220 - ROLL 68B - OPS Side,SAFS-215,TORRINGTON,22215CC/W33,SKF,Spherical Roller Bearing,UNIREX EP2 GREASE,Pillow Block - Sides,59 cm3,40%,21 g,18 g,15
PROCESS SECTION,WRA - 221 - ROLL 68S - Driven Side,SAFS-215,TORRINGTON,22215CC/W33,SKF,Spherical Roller Bearing,UNIREX EP2 GREASE,Pillow Block - Sides,59 cm3,40%,21 g,18 g,15
PROCESS SECTION,WRA - 222 - ROLL 68S - OPS Side,SAFS-215,TORRINGTON,22215CC/W33,SKF,Spherical Roller Bearing,UNIREX EP2 GREASE,Pillow Block - Sides,59 cm3,40%,21 g,18 g,15
PROCESS SECTION,DFR - 223 - DEFLECTOR ROLL 69 - Driven Side,SAFS-215,TORRINGTON,22215CC/W33,SKF,Spherical Roller Bearing,UNIREX EP2 GREASE,Pillow Block - Sides,59 cm3,40%,21 g,18 g,15
PROCESS SECTION,DFR - 224 - DEFLECTOR ROLL 69 - OPS Side,SAFS-215,TORRINGTON,22215CC/W33,SKF,Spherical Roller Bearing,UNIREX EP2 GREASE,Pillow Block - Sides,59 cm3,40%,21 g,18 g,15
PROCESS SECTION,DFR - 225 - DEFLECTOR ROLL 70 - Driven Side,SAFS-215,TORRINGTON,22215CC/W33,SKF,Spherical Roller Bearing,UNIREX EP2 GREASE,Pillow Block - Sides,59 cm3,40%,21 g,18 g,15
PROCESS SECTION,DFR - 226 - DEFLECTOR ROLL 70 - OPS Side,SAFS-215,TORRINGTON,22215CC/W33,SKF,Spherical Roller Bearing,UNIREX EP2 GREASE,Pillow Block - Sides,59 cm3,40%,21 g,18 g,15
PROCESS SECTION,BYP - 227 - ROLL 70A - Driven Side,FSAF 315,SKF,22315CC/W33,SKF,Spherical Roller Bearing,UNIREX EP2 GREASE,Pillow Block - Sides,191 cm3,40%,68 g,39 g,16
PROCESS SECTION,BYP - 228 - ROLL 70A - OPS Side,FSAF 315,SKF,22315CC/W33,SKF,Spherical Roller Bearing,UNIREX EP2 GREASE,Pillow Block - Sides,191 cm3,40%,68 g,39 g,16
PROCESS SECTION,BYP - 229 - ROLL #71 - Driven Side,FSAFS-317,SKF,22317CCC3/W33,SKF,Spherical Roller Bearing,UNIREX EP2 GREASE,Pillow Block - Sides,250 cm3,40%,89 g,48 g,20
PROCESS SECTION,BYP - 230 - ROLL #71 - OPS Side,FSAFS-317,SKF,22317CCC3/W33,SKF,Spherical Roller Bearing,UNIREX EP2 GREASE,Pillow Block - Sides,250 cm3,40%,89 g,48 g,20
PROCESS SECTION,CDR - 231 - CONDUCTOR ROLL #72 - Driven Side,04693120-519 (DG),DOFASCO,22232CCK-C3-W33,SKF,Spherical Roller Bearing,UNIREX EP2 GREASE,Pillow Block - Sides,830 cm3,40%,295 g,103 g,2
PROCESS SECTION,CDR - 232 - CONDUCTOR ROLL #72 - OPS Side,04693120-519 (DG),DOFASCO,22232CCK-C3-W33,SKF,Spherical Roller Bearing,UNIREX EP2 GREASE,Pillow Block - Sides,830 cm3,40%,295 g,103 g,2
PROCESS SECTION,HDR - 233 - HOLD DOWN ROLL 72S - Driven Side,04693120-526,DOFASCO,22316CC/W33,SKF,Spherical Roller Bearing,UNIREX EP2 GREASE,Pillow Block - Sides,222 cm3,40%,79 g,44 g,12
PROCESS SECTION,HDR - 234 - HOLD DOWN ROLL 72S - OPS Side,04693120-526,DOFASCO,22316CC/W33,SKF,Spherical Roller Bearing,UNIREX EP2 GREASE,Pillow Block - Sides,222 cm3,40%,79 g,44 g,12
PROCESS SECTION,SKR - 235 - SINK ROLL #73 - Driven Side,04693220-514 (AA),DOFASCO,22224CCKC3/W33,SKF,Spherical Roller Bearing,UNIREX EP2 GREASE,Pillow Block - Sides,341 cm3,40%,121 g,55 g,2
PROCESS SECTION,SKR - 236 - SINK ROLL #73 - OPS Side,04693220-514 (AA),DOFASCO,22224CCKC3/W33,SKF,Spherical Roller Bearing,UNIREX EP2 GREASE,Pillow Block - Sides,341 cm3,40%,121 g,55 g,2
PROCESS SECTION,HDR - 237 - HOLD DOWN ROLL 74S - Driven Side,04693120-526,DOFASCO,22316CC/W33,SKF,Spherical Roller Bearing,UNIREX EP2 GREASE,Pillow Block - Sides,222 cm3,40%,79 g,44 g,12
PROCESS SECTION,HDR - 238 - HOLD DOWN ROLL 74S - OPS Side,04693120-526,DOFASCO,22316CC/W33,SKF,Spherical Roller Bearing,UNIREX EP2 GREASE,Pillow Block - Sides,222 cm3,40%,79 g,44 g,12
PROCESS SECTION,CDR - 239 - CONDUCTOR ROLL #74 - Driven Side,04693120-519 (DG),DOFASCO,22232CCK-C3-W33,SKF,Spherical Roller Bearing,UNIREX EP2 GREASE,Pillow Block - Sides,830 cm3,40%,295 g,103 g,2
PROCESS SECTION,CDR - 240 - CONDUCTOR ROLL #74 - OPS Side,04693120-519 (DG),DOFASCO,22232CCK-C3-W33,SKF,Spherical Roller Bearing,UNIREX EP2 GREASE,Pillow Block - Sides,830 cm3,40%,295 g,103 g,2
PROCESS SECTION,SKR - 241 - SINK ROLL #75 - Driven Side,04693220-514 (AA),DOFASCO,22224CCKC3/W33,SKF,Spherical Roller Bearing,UNIREX EP2 GREASE,Pillow Block - Sides,341 cm3,40%,121 g,55 g,2
PROCESS SECTION,SKR - 242 - SINK ROLL #75 - OPS Side,04693220-514 (AA),DOFASCO,22224CCKC3/W33,SKF,Spherical Roller Bearing,UNIREX EP2 GREASE,Pillow Block - Sides,341 cm3,40%,121 g,55 g,2
PROCESS SECTION,HDR - 243 - HOLD DOWN ROLL #76S - Driven Side,04693120-526,DOFASCO,22316CC/W33,SKF,Spherical Roller Bearing,UNIREX EP2 GREASE,Pillow Block - Sides,222 cm3,40%,79 g,44 g,12
PROCESS SECTION,HDR - 244 - HOLD DOWN ROLL #76S - OPS Side,04693120-526,DOFASCO,22316CC/W33,SKF,Spherical Roller Bearing,UNIREX EP2 GREASE,Pillow Block - Sides,222 cm3,40%,79 g,44 g,12
PROCESS SECTION,CDR - 245 - CONDUCTOR ROLL #76 - Driven Side,04693120-519 (DG),DOFASCO,22232CCK-C3-W33,SKF,Spherical Roller Bearing,UNIREX EP2 GREASE,Pillow Block - Sides,830 cm3,40%,295 g,103 g,2
PROCESS SECTION,CDR - 246 - CONDUCTOR ROLL #76 - OPS Side,04693120-519 (DG),DOFASCO,22232CCK-C3-W33,SKF,Spherical Roller Bearing,UNIREX EP2 GREASE,Pillow Block - Sides,830 cm3,40%,295 g,103 g,2
PROCESS SECTION,SKR - 247 - SINK ROLL #77 - Driven Side,04693220-514 (AA),DOFASCO,22224CCKC3/W33,SKF,Spherical Roller Bearing,UNIREX EP2 GREASE,Pillow Block - Sides,341 cm3,40%,121 g,55 g,2
PROCESS SECTION,SKR - 248 - SINK ROLL #77 - OPS Side,04693220-514 (AA),DOFASCO,22224CCKC3/W33,SKF,Spherical Roller Bearing,UNIREX EP2 GREASE,Pillow Block - Sides,341 cm3,40%,121 g,55 g,2
PROCESS SECTION,DFR - 249 - CONDUCTOR ROLL #78 - Driven Side,04693120-519-1,DOFASCO,22232CCK-C3-W33,SKF,Spherical Roller Bearing,UNIREX EP2 GREASE,Pillow Block - Sides,830 cm3,40%,295 g,103 g,2
PROCESS SECTION,DFR - 250 - CONDUCTOR ROLL# 78 - OPS Side,04693120-519-1,DOFASCO,22232CCK-C3-W33,SKF,Spherical Roller Bearing,UNIREX EP2 GREASE,Pillow Block - Sides,830 cm3,40%,295 g,103 g,2
PROCESS SECTION,HDR - 251 - HOLD DOWN ROLL 78S - Driven Side,04693120-526,DOFASCO,22316CC/W33,SKF,Spherical Roller Bearing,UNIREX EP2 GREASE,Pillow Block - Sides,222 cm3,40%,79 g,44 g,12
PROCESS SECTION,HDR - 252 - HOLD DOWN ROLL 78S - OPS Side,04693120-526,DOFASCO,22316CC/W33,SKF,Spherical Roller Bearing,UNIREX EP2 GREASE,Pillow Block - Sides,222 cm3,40%,79 g,44 g,12
PROCESS SECTION,SKR - 253 - SINK ROLL #79 - Driven Side,04693220-514 (AA),DOFASCO,22224CCKC3/W33,SKF,Spherical Roller Bearing,UNIREX EP2 GREASE,Pillow Block - Sides,341 cm3,40%,121 g,55 g,2
PROCESS SECTION,SKR - 254 - SINK ROLL #79 - OPS Side,04693220-514 (AA),DOFASCO,22224CCKC3/W33,SKF,Spherical Roller Bearing,UNIREX EP2 GREASE,Pillow Block - Sides,341 cm3,40%,121 g,55 g,2
PROCESS SECTION,SNR - 255 - ROLL 80 - Driven Side,04693330-509-1 (B),DOFASCO,22215CC/W33,SKF,Spherical Roller Bearing,UNIREX EP2 GREASE,Pillow Block - Center,59 cm3,20%,11 g,7 g,1
PROCESS SECTION,SNR - 256 - ROLL 80 - OPS Side,04693330-509-1 (B),DOFASCO,22215CC/W33,SKF,Spherical Roller Bearing,UNIREX EP2 GREASE,Pillow Block - Center,59 cm3,20%,11 g,7 g,1
PROCESS SECTION,SNR - 257 - SNUBBER ROLL ASSEMBLY 80S - Driven Side,04693330-509-1 (B),DOFASCO,22215CC/W33,SKF,Spherical Roller Bearing,UNIREX EP2 GREASE,Pillow Block - Center,59 cm3,20%,11 g,7 g,1
PROCESS SECTION,SNR - 258 - SNUBBER ROLL ASSEMBLY 80S - OPS Side,04693330-509 (BA),DOFASCO,22215CC/W33,SKF,Spherical Roller Bearing,UNIREX EP2 GREASE,Pillow Block - Center,59 cm3,20%,11 g,7 g,1
PROCESS SECTION,SNR - 259 - DRIVE ROLL ASSY 81 - Driven Side,04693330-509-1 (B),DOFASCO,22215CC/W33,SKF,Spherical Roller Bearing,UNIREX EP2 GREASE,Pillow Block - Center,59 cm3,20%,11 g,7 g,1
PROCESS SECTION,SNR - 260 - DRIVE ROLL ASSY 81 - OPS Side,04693330-509 (BA),DOFASCO,22215CC/W33,SKF,Spherical Roller Bearing,UNIREX EP2 GREASE,Pillow Block - Center,59 cm3,20%,11 g,7 g,1
PROCESS SECTION,SNR - 261 - SNUBBER ROLL ASSEMBLY 81S - Driven Side,04693330-509-1 (B),DOFASCO,22215CC/W33,SKF,Spherical Roller Bearing,UNIREX EP2 GREASE,Pillow Block - Center,59 cm3,20%,11 g,7 g,1
PROCESS SECTION,SNR - 262 - SNUBBER ROLL ASSEMBLY 81S - OPS Side,04693330-509 (BA),DOFASCO,22215CC/W33,SKF,Spherical Roller Bearing,UNIREX EP2 GREASE,Pillow Block - Center,59 cm3,20%,11 g,7 g,1
PROCESS SECTION,DFR - 263 - DEFLECTOR ROLL #82 - Driven Side,FSAFS-317,SKF,22317CCC3/W33,SKF,Spherical Roller Bearing,UNIREX EP2 GREASE,Pillow Block - Sides,250 cm3,40%,89 g,48 g,20
PROCESS SECTION,DFR - 264 - DEFLECTOR ROLL #82 - OPS Side,FSAFS-317,SKF,22317CCC3/W33,SKF,Spherical Roller Bearing,UNIREX EP2 GREASE,Pillow Block - Sides,250 cm3,40%,89 g,48 g,20
PROCESS SECTION,DFR - 265 - DEFLECTOR ROLL #83 - Driven Side,FSAFS-317,SKF,22317CCC3/W33,SKF,Spherical Roller Bearing,UNIREX EP2 GREASE,Pillow Block - Sides,250 cm3,40%,89 g,48 g,20
PROCESS SECTION,DFR - 266 - DEFLECTOR ROLL #83 - OPS Side,FSAFS-317,SKF,22317CCC3/W33,SKF,Spherical Roller Bearing,UNIREX EP2 GREASE,Pillow Block - Sides,250 cm3,40%,89 g,48 g,20
PROCESS SECTION,GRR - 267 - GROUNDING ROLL #84 - Driven Side,FSAFS-317,SKF,22317CCC3/W33,SKF,Spherical Roller Bearing,UNIREX EP2 GREASE,Pillow Block - Sides,250 cm3,40%,89 g,48 g,20
PROCESS SECTION,GRR - 268 - GROUNDING ROLL #84 - OPS Side,FSAFS-317,SKF,22317CCC3/W33,SKF,Spherical Roller Bearing,UNIREX EP2 GREASE,Pillow Block - Sides,250 cm3,40%,89 g,48 g,20
PROCESS SECTION,DFR - 269 - DEFLECTOR ROLL #85 - Driven Side,FSAFS-317,SKF,22317CCC3/W33,SKF,Spherical Roller Bearing,UNIREX EP2 GREASE,Pillow Block - Sides,250 cm3,40%,89 g,48 g,20
PROCESS SECTION,DFR - 270 - DEFLECTOR ROLL #85 - OPS Side,FSAFS-317,SKF,22317CCC3/W33,SKF,Spherical Roller Bearing,UNIREX EP2 GREASE,Pillow Block - Sides,250 cm3,40%,89 g,48 g,20
PROCESS SECTION,TEN - 271 - ROLL #86 - Driven Side,FSAFS-317,SKF,22317CCC3/W33,SKF,Spherical Roller Bearing,UNIREX EP2 GREASE,Pillow Block - Sides,250 cm3,40%,89 g,48 g,20
PROCESS SECTION,TEN - 272 - ROLL #86 - OPS Side,FSAFS-317,SKF,22317CCC3/W33,SKF,Spherical Roller Bearing,UNIREX EP2 GREASE,Pillow Block - Sides,250 cm3,40%,89 g,48 g,20
PROCESS SECTION,BRU - 273 - ENTRY ROLL - BRIDLE ROLL UNIT #4 - Driven Side,FSAFS-220,TORRINGTON,22220EJW33,TIMKEN,Spherical Roller Bearing,UNIREX EP2 GREASE,Pillow Block - Sides,177 cm3,40%,63 g,37 g,36
PROCESS SECTION,BRU - 274 - ENTRY ROLL - BRIDLE ROLL UNIT #4 - OPS Side,FSAFS-220,TORRINGTON,22220EJW33,TIMKEN,Spherical Roller Bearing,UNIREX EP2 GREASE,Pillow Block - Sides,177 cm3,40%,63 g,37 g,36
PROCESS SECTION,BRU - 275 - MIDDLE ROLL - BRIDLE ROLL UNIT #4 - Driven Side,FSAFS-220,TORRINGTON,22220EJW33,TIMKEN,Spherical Roller Bearing,UNIREX EP2 GREASE,Pillow Block - Sides,177 cm3,40%,63 g,37 g,36
PROCESS SECTION,BRU - 276 - MIDDLE ROLL - BRIDLE ROLL UNIT #4 - OPS Side,FSAFS-220,TORRINGTON,22220EJW33,TIMKEN,Spherical Roller Bearing,UNIREX EP2 GREASE,Pillow Block - Sides,177 cm3,40%,63 g,37 g,36
PROCESS SECTION,BRU - 277 - EXIT ROLL - BRIDLE ROLL UNIT #4 - Driven Side,FSAFS-220,TORRINGTON,22220EJW33,TIMKEN,Spherical Roller Bearing,UNIREX EP2 GREASE,Pillow Block - Sides,177 cm3,40%,63 g,37 g,36
PROCESS SECTION,BRU - 278 - EXIT ROLL - BRIDLE ROLL UNIT #4 - OPS Side,FSAFS-220,TORRINGTON,22220EJW33,TIMKEN,Spherical Roller Bearing,UNIREX EP2 GREASE,Pillow Block - Sides,177 cm3,40%,63 g,37 g,36
ENTRY SECTION,PIR - 279 - ROLL ASSEMBLY E1 - BOTTOM - Driven Side,04691220-501,DOFASCO,22317CCC3/W33,SKF,Spherical Roller Bearing,UNIREX EP2 GREASE,Pillow Block - Sides,250 cm3,40%,89 g,48 g,10
ENTRY SECTION,PIR - 280 - ROLL ASSEMBLY E1 - BOTTOM - OPS Side,04691220-501,DOFASCO,22317CCC3/W33,SKF,Spherical Roller Bearing,UNIREX EP2 GREASE,Pillow Block - Sides,250 cm3,40%,89 g,48 g,10
ENTRY SECTION,PIR - 281 - ROLL ASSEMBLY E2 - TOP - Driven Side,04691220-501,DOFASCO,22317CCC3/W33,SKF,Spherical Roller Bearing,UNIREX EP2 GREASE,Pillow Block - Sides,250 cm3,40%,89 g,48 g,10
ENTRY SECTION,PIR - 282 - ROLL ASSEMBLY E2 - TOP - OPS Side,04691220-501,DOFASCO,22317CCC3/W33,SKF,Spherical Roller Bearing,UNIREX EP2 GREASE,Pillow Block - Sides,250 cm3,40%,89 g,48 g,10
ENTRY SECTION,DFR - 283 - DEFLECTOR ROLL ASSEMBLY E3 - Driven Side,04691220-501,DOFASCO,22317CCC3/W33,SKF,Spherical Roller Bearing,UNIREX EP2 GREASE,Pillow Block - Sides,250 cm3,40%,89 g,48 g,10
ENTRY SECTION,DFR - 284 - DEFLECTOR ROLL ASSEMBLY E3 - OPS Side,04691220-501,DOFASCO,22317CCC3/W33,SKF,Spherical Roller Bearing,UNIREX EP2 GREASE,Pillow Block - Sides,250 cm3,40%,89 g,48 g,10
ENTRY SECTION,DFR - 285 - DELFECTOR  ROLL ASSEMBLY E3A - Driven Side,P2B 107-SRB-SRH,SKF,P2B 107-SRB-SRH,SKF,Spherical Roller Bearing,UNIREX EP2 GREASE,Pillow Block - Center,244 cm3,20%,44 g,19 g,10
ENTRY SECTION,DFR - 286 - DELFECTOR  ROLL ASSEMBLY E3A - OPS Side,P2B 107-SRB-SRH,SKF,P2B 107-SRB-SRH,SKF,Spherical Roller Bearing,UNIREX EP2 GREASE,Pillow Block - Center,244 cm3,20%,44 g,19 g,10
ENTRY SECTION,DFR - 287 - ROLL ASSEMBLY E4 - BOTTOM - Driven Side,04691220-501,DOFASCO,22317CCC3/W33,SKF,Spherical Roller Bearing,UNIREX EP2 GREASE,Pillow Block - Sides,250 cm3,40%,89 g,48 g,10
ENTRY SECTION,DFR - 288 - ROLL ASSEMBLY E4 - BOTTOM - OPS Side,04691220-501,DOFASCO,22317CCC3/W33,SKF,Spherical Roller Bearing,UNIREX EP2 GREASE,Pillow Block - Sides,250 cm3,40%,89 g,48 g,10
ENTRY SECTION,PIR - 289 - ROLL ASSEMBLY E5 - TOP - Driven Side,04691220-501,DOFASCO,22317CCC3/W33,SKF,Spherical Roller Bearing,UNIREX EP2 GREASE,Pillow Block - Sides,250 cm3,40%,89 g,48 g,10
ENTRY SECTION,PIR - 290 - ROLL ASSEMBLY E5 - TOP - OPS Side,04691220-501,DOFASCO,22317CCC3/W33,SKF,Spherical Roller Bearing,UNIREX EP2 GREASE,Pillow Block - Sides,250 cm3,40%,89 g,48 g,10
ENTRY SECTION,LOP - 291 - LOOPING  ROLL ASSEMBLY E6 - Driven Side,P2B 107-SRB-SRH,SKF,P2B 107-SRB-SRH,SKF,Spherical Roller Bearing,UNIREX EP2 GREASE,Pillow Block - Center,244 cm3,20%,44 g,19 g,10
ENTRY SECTION,LOP - 292 - LOOPING  ROLL ASSEMBLY E6 - OPS Side,P2B 107-SRB-SRH,SKF,P2B 107-SRB-SRH,SKF,Spherical Roller Bearing,UNIREX EP2 GREASE,Pillow Block - Center,244 cm3,20%,44 g,19 g,10
ENTRY SECTION,PIR - 293 - ROLL E7 - Driven Side,n/a,n/a,UG332L,LIN BELT,Deep groove ball bearing,UNIREX EP2 GREASE,Pillow Block - Center,912 cm3,20%,162 g,30 g,15
ENTRY SECTION,PIR - 294 - ROLL E7 - OPS Side,n/a,n/a,UG332L,LIN BELT,Deep groove ball bearing,UNIREX EP2 GREASE,Pillow Block - Center,912 cm3,20%,162 g,30 g,15
ENTRY SECTION,PIR - 295 - ROLL E8 - WELDER PINCH ROLL - Driven Side,n/a,n/a,UG332L,LIN BELT,Deep groove ball bearing,UNIREX EP2 GREASE,Pillow Block - Center,912 cm3,20%,162 g,30 g,15
ENTRY SECTION,PIR - 296 - ROLL E8 - WELDER PINCH ROLL - OPS Side,n/a,n/a,UG332L,LIN BELT,Deep groove ball bearing,UNIREX EP2 GREASE,Pillow Block - Center,912 cm3,20%,162 g,30 g,15
ENTRY SECTION,PIR - 297 - ROLL E9 - Driven Side,n/a,n/a,UG332L,LIN BELT,Deep groove ball bearing,UNIREX EP2 GREASE,Pillow Block - Center,912 cm3,20%,162 g,30 g,15
ENTRY SECTION,PIR - 298 - ROLL E9 - OPS Side,n/a,n/a,UG332L,LIN BELT,Deep groove ball bearing,UNIREX EP2 GREASE,Pillow Block - Center,912 cm3,20%,162 g,30 g,15
ENTRY SECTION,DFR - 299 - ROLL E10 - WELDER PINCH ROLL - Driven Side,04691220-501,DOFASCO,22317CCC3/W33,SKF,Spherical Roller Bearing,UNIREX EP2 GREASE,Pillow Block - Sides,250 cm3,40%,89 g,48 g,10
ENTRY SECTION,DFR - 300 - ROLL E10 - WELDER PINCH ROLL - OPS Side,04691220-501,DOFASCO,22317CCC3/W33,SKF,Spherical Roller Bearing,UNIREX EP2 GREASE,Pillow Block - Sides,250 cm3,40%,89 g,48 g,10
ENTRY SECTION,DFR - 301 - ROLL E11  - DEFLECTOR ROLL - Driven Side,FSAFS-317,SKF,22317CCC3/W33,SKF,Spherical Roller Bearing,UNIREX EP2 GREASE,Pillow Block - Sides,250 cm3,40%,89 g,48 g,18
ENTRY SECTION,DFR - 302 - ROLL E11  - DEFLECTOR ROLL - OPS Side,FSAFS-317,SKF,22317CCC3/W33,SKF,Spherical Roller Bearing,UNIREX EP2 GREASE,Pillow Block - Sides,250 cm3,40%,89 g,48 g,18
ENTRY SECTION,"DFR - 303 - NO 1 (ST1) 10"" DEFLECTOR ROLL - ENTRY TRIMMER SECTION - Driven Side",FSAFS-22215 FXCL,TORRINGTON,22215CC/W33,SKF,Spherical Roller Bearing,UNIREX EP2 GREASE,Pillow Block - Sides,59 cm3,40%,21 g,18 g,11
ENTRY SECTION,"DFR - 304 - NO 1 (ST1) 10"" DEFLECTOR ROLL - ENTRY TRIMMER SECTION - OPS Side",FSAFS-22215-FLCL,TORRINGTON,22215CC/W33,SKF,Spherical Roller Bearing,UNIREX EP2 GREASE,Pillow Block - Sides,59 cm3,40%,21 g,18 g,11
ENTRY SECTION,STR - 305 - ROLL ASSEMBLY ST02 - Driven Side,FSAFS-22215 FXCL,TORRINGTON,22215CC/W33,SKF,Spherical Roller Bearing,UNIREX EP2 GREASE,Pillow Block - Sides,59 cm3,40%,21 g,18 g,11
ENTRY SECTION,STR - 306 - ROLL ASSEMBLY ST02 - OPS Side,FSAFS-22215-FLCL,TORRINGTON,22215CC/W33,SKF,Spherical Roller Bearing,UNIREX EP2 GREASE,Pillow Block - Sides,59 cm3,40%,21 g,18 g,11
ENTRY SECTION,"DFR - 307 - NO 2 (ST3) 10"" DEFLECTOR ROLL - ENTRY TRIMMER SECTION - Driven Side",FSAFS-22215 FXCL,TORRINGTON,22215CC/W33,SKF,Spherical Roller Bearing,UNIREX EP2 GREASE,Pillow Block - Sides,59 cm3,40%,21 g,18 g,11
ENTRY SECTION,"DFR - 308 - NO 2 (ST3) 10"" DEFLECTOR ROLL - ENTRY TRIMMER SECTION - OPS Side",FSAFS-22215-FLCL,TORRINGTON,22215CC/W33,SKF,Spherical Roller Bearing,UNIREX EP2 GREASE,Pillow Block - Sides,59 cm3,40%,21 g,18 g,11
ENTRY SECTION,"DFR - 309 - NO 3 (ST4) 10"" DEFLECTOR ROLL - ENTRY TRIMMER SECTION - Driven Side",FSAFS-22215 FXCL,TORRINGTON,22215CC/W33,SKF,Spherical Roller Bearing,UNIREX EP2 GREASE,Pillow Block - Sides,59 cm3,40%,21 g,18 g,11
ENTRY SECTION,"DFR - 310 - NO 3 (ST4) 10"" DEFLECTOR ROLL - ENTRY TRIMMER SECTION - OPS Side",FSAFS-22215-FLCL,TORRINGTON,22215CC/W33,SKF,Spherical Roller Bearing,UNIREX EP2 GREASE,Pillow Block - Sides,59 cm3,40%,21 g,18 g,11
ENTRY SECTION,"DFR - 311 - ""Z"" WRAP (ST 05) DEFLECTOR ROLL - ENTRY TRIMMER SECTION - Driven Side",FSAFS-22215 FXCL,TORRINGTON,22215CC/W33,SKF,Spherical Roller Bearing,UNIREX EP2 GREASE,Pillow Block - Sides,59 cm3,40%,21 g,18 g,11
ENTRY SECTION,"DFR - 312 - ""Z"" WRAP (ST 05) DEFLECTOR ROLL - ENTRY TRIMMER SECTION - OPS Side",FSAFS-22215-FLCL,TORRINGTON,22215CC/W33,SKF,Spherical Roller Bearing,UNIREX EP2 GREASE,Pillow Block - Sides,59 cm3,40%,21 g,18 g,11
ENTRY SECTION,"DFR - 313 - ""Z"" WRAP (ST 06) DEFLECTOR ROLL - ENTRY TRIMMER SECTION - Driven Side",FSAFS-22215 FXCL,TORRINGTON,22215CC/W33,SKF,Spherical Roller Bearing,UNIREX EP2 GREASE,Pillow Block - Sides,59 cm3,40%,21 g,18 g,11
ENTRY SECTION,"DFR - 314 - ""Z"" WRAP (ST 06) DEFLECTOR ROLL - ENTRY TRIMMER SECTION - OPS Side",FSAFS-22215-FLCL,TORRINGTON,22215CC/W33,SKF,Spherical Roller Bearing,UNIREX EP2 GREASE,Pillow Block - Sides,59 cm3,40%,21 g,18 g,11
ENTRY SECTION,"DFR - 315 - NO 4 (ST7) 10"" DEFLECTOR ROLL - ENTRY TRIMMER SECTION - Driven Side",FSAFS-22215 FXCL,TORRINGTON,22215CC/W33,SKF,Spherical Roller Bearing,UNIREX EP2 GREASE,Pillow Block - Sides,59 cm3,40%,21 g,18 g,11
ENTRY SECTION,"DFR - 316 - NO 4 (ST7) 10"" DEFLECTOR ROLL - ENTRY TRIMMER SECTION - OPS Side",FSAFS-22215-FLCL,TORRINGTON,22215CC/W33,SKF,Spherical Roller Bearing,UNIREX EP2 GREASE,Pillow Block - Sides,59 cm3,40%,21 g,18 g,11
ENTRY SECTION,STR - 317 - ENTRY ROLL ASSEMBLY ST08 - Driven Side,FSAFS-22215 FXCL,TORRINGTON,22215CC/W33,SKF,Spherical Roller Bearing,UNIREX EP2 GREASE,Pillow Block - Sides,59 cm3,40%,21 g,18 g,11
ENTRY SECTION,STR - 318 - ENTRY ROLL ASSEMBLY ST08 - OPS Side,FSAFS-22215-FLCL,TORRINGTON,22215CC/W33,SKF,Spherical Roller Bearing,UNIREX EP2 GREASE,Pillow Block - Sides,59 cm3,40%,21 g,18 g,11
ENTRY SECTION,STR - 319 - MIDDLE ROLL ASSEMBLY ST09 - Driven Side,FSAFS-22215 FXCL,TORRINGTON,22215CC/W33,SKF,Spherical Roller Bearing,UNIREX EP2 GREASE,Pillow Block - Sides,59 cm3,40%,21 g,18 g,11
ENTRY SECTION,STR - 320 - MIDDLE ROLL ASSEMBLY ST09 - OPS Side,FSAFS-22215-FLCL,TORRINGTON,22215CC/W33,SKF,Spherical Roller Bearing,UNIREX EP2 GREASE,Pillow Block - Sides,59 cm3,40%,21 g,18 g,11
ENTRY SECTION,STR - 321 - EXIT ROLL ASSEMBLY ST10 - Driven Side,FSAFS-22215 FXCL,TORRINGTON,22215CC/W33,SKF,Spherical Roller Bearing,UNIREX EP2 GREASE,Pillow Block - Sides,59 cm3,40%,21 g,18 g,11
ENTRY SECTION,STR - 322 - EXIT ROLL ASSEMBLY ST10 - OPS Side,FSAFS-22215-FLCL,TORRINGTON,22215CC/W33,SKF,Spherical Roller Bearing,UNIREX EP2 GREASE,Pillow Block - Sides,59 cm3,40%,21 g,18 g,11
ENTRY SECTION,"DFR - 323 - NO 5 (ST11) 8"" DEFLECTOR ROLL - ENTRY TRIMMER SECTION - Driven Side",FSAFS-22215 FXCL,TORRINGTON,22215CC/W33,SKF,Spherical Roller Bearing,UNIREX EP2 GREASE,Pillow Block - Sides,59 cm3,40%,21 g,18 g,11
ENTRY SECTION,"DFR - 324 - NO 5 (ST11) 8"" DEFLECTOR ROLL - ENTRY TRIMMER SECTION - OPS Side",FSAFS-22215-FLCL,TORRINGTON,22215CC/W33,SKF,Spherical Roller Bearing,UNIREX EP2 GREASE,Pillow Block - Sides,59 cm3,40%,21 g,18 g,11
ENTRY SECTION,BMR - 325 - BURR MASHER BACKUP ROLL ST12 - Driven Side,FSAFS-22216,FAG BEARIN,22216CC/W33,SKF,Spherical Roller Bearing,UNIREX EP2 GREASE,Pillow Block - Sides,74 cm3,40%,26 g,21 g,8
ENTRY SECTION,BMR - 326 - BURR MASHER BACKUP ROLL ST12 - OPS Side,FSAFS-22216,FAG BEARIN,22216CC/W33,SKF,Spherical Roller Bearing,UNIREX EP2 GREASE,Pillow Block - Sides,74 cm3,40%,26 g,21 g,8
ENTRY SECTION,DFR - 329 - DEFLECTOR ROLL ST14 - Driven Side,FSAFS-22216,FAG BEARIN,22216CC/W33,SKF,Spherical Roller Bearing,UNIREX EP2 GREASE,Pillow Block - Sides,74 cm3,40%,26 g,21 g,11
ENTRY SECTION,DFR - 330 - DEFLECTOR ROLL ST14 - OPS Side,FSAFS-22216,FAG BEARIN,22216CC/W33,SKF,Spherical Roller Bearing,UNIREX EP2 GREASE,Pillow Block - Sides,74 cm3,40%,26 g,21 g,11
ENTRY SECTION,DFR - 331 - DEFLECTOR ROLL ST15 - Driven Side,FSAFS-22216,FAG BEARIN,22216CC/W33,SKF,Spherical Roller Bearing,UNIREX EP2 GREASE,Pillow Block - Sides,74 cm3,40%,26 g,21 g,11
ENTRY SECTION,DFR - 332 - DEFLECTOR ROLL ST15 - OPS Side,FSAFS-22216,FAG BEARIN,22216CC/W33,SKF,Spherical Roller Bearing,UNIREX EP2 GREASE,Pillow Block - Sides,74 cm3,40%,26 g,21 g,11
ENTRY SECTION,TEN - 333 - TENSIOMETER ROLL ST16 INCL LOAD CELLS - Driven Side,FSAFS-22216,FAG BEARIN,22216CC/W33,SKF,Spherical Roller Bearing,UNIREX EP2 GREASE,Pillow Block - Sides,74 cm3,40%,26 g,21 g,11
ENTRY SECTION,TEN - 334 - TENSIOMETER ROLL ST16 INCL LOAD CELLS - OPS Side,FSAFS-22216,FAG BEARIN,22216CC/W33,SKF,Spherical Roller Bearing,UNIREX EP2 GREASE,Pillow Block - Sides,74 cm3,40%,26 g,21 g,11
ENTRY SECTION,BRU - 335 - SOUTH ROLL ASSY - BRIDLE UNIT #1A - Driven Side,FSAFS-220,TORRINGTON,22220EJW33,TIMKEN,Spherical Roller Bearing,UNIREX EP2 GREASE,Pillow Block - Sides,177 cm3,40%,63 g,37 g,32
ENTRY SECTION,BRU - 335OP - SOUTH ROLL ASSY - BRIDLE UNIT #1A - OPS Side,FSAFS-220,TORRINGTON,22220EJW33,TIMKEN,Spherical Roller Bearing,UNIREX EP2 GREASE,Pillow Block - Sides,177 cm3,40%,63 g,37 g,32
ENTRY SECTION,BRU - 336 - NORTH ROLL ASSY - BRIDLE UNIT #1A - Driven Side,FSAFS-220,TORRINGTON,22220EJW33,TIMKEN,Spherical Roller Bearing,UNIREX EP2 GREASE,Pillow Block - Sides,177 cm3,40%,63 g,37 g,32
ENTRY SECTION,BRU - 336OP - NORTH ROLL ASSY - BRIDLE UNIT #1A - OPS Side,FSAFS-220,TORRINGTON,22220EJW33,TIMKEN,Spherical Roller Bearing,UNIREX EP2 GREASE,Pillow Block - Sides,177 cm3,40%,63 g,37 g,32
ENTRY SECTION,"DFR - 337 - NO 6 (ST17) 8"" DEFLECTOR ROLL - ENTRY TRIMMER SECTION - Driven Side",FSAFS-22215 FXCL,TORRINGTON,22215CC/W33,SKF,Spherical Roller Bearing,UNIREX EP2 GREASE,Pillow Block - Sides,59 cm3,40%,21 g,18 g,9
ENTRY SECTION,"DFR - 338 - NO 6 (ST17) 8"" DEFLECTOR ROLL - ENTRY TRIMMER SECTION - OPS Side",FSAFS-22215-FLCL,TORRINGTON,22215CC/W33,SKF,Spherical Roller Bearing,UNIREX EP2 GREASE,Pillow Block - Sides,59 cm3,40%,21 g,18 g,9
ENTRY SECTION,"DFR - 339 - NO 7 (ST 18) 8"" DEFLECTOR ROLL - ENTRY TRIMMER SECTION - Driven Side",FSAFS-22215 FXCL,TORRINGTON,22215CC/W33,SKF,Spherical Roller Bearing,UNIREX EP2 GREASE,Pillow Block - Sides,59 cm3,40%,21 g,18 g,9
ENTRY SECTION,"DFR - 340 - NO 7 (ST 18) 8"" DEFLECTOR ROLL - ENTRY TRIMMER SECTION - OPS Side",FSAFS-22215-FLCL,TORRINGTON,22215CC/W33,SKF,Spherical Roller Bearing,UNIREX EP2 GREASE,Pillow Block - Sides,59 cm3,40%,21 g,18 g,9
ENTRY SECTION,"DFR - 341 - NO 8 (ST19) 8"" DEFLECTOR ROLL - ENTRY TRIMMER SECTION - Driven Side",FSAFS-22215 FXCL,TORRINGTON,22215CC/W33,SKF,Spherical Roller Bearing,UNIREX EP2 GREASE,Pillow Block - Sides,59 cm3,40%,21 g,18 g,9
ENTRY SECTION,"DFR - 342 - NO 8 (ST19) 8"" DEFLECTOR ROLL - ENTRY TRIMMER SECTION - OPS Side",FSAFS-22215-FLCL,TORRINGTON,22215CC/W33,SKF,Spherical Roller Bearing,UNIREX EP2 GREASE,Pillow Block - Sides,59 cm3,40%,21 g,18 g,9
ENTRY SECTION,"DFR - 343 - NO 9 (ST20) 8"" DEFLECTOR ROLL - ENTRY TRIMMER SECTION - Driven Side",FSAFS-22215 FXCL,TORRINGTON,22215CC/W33,SKF,Spherical Roller Bearing,UNIREX EP2 GREASE,Pillow Block - Sides,59 cm3,40%,21 g,18 g,9
ENTRY SECTION,"DFR - 344 - NO 9 (ST20) 8"" DEFLECTOR ROLL - ENTRY TRIMMER SECTION - OPS Side",FSAFS-22215-FLCL,TORRINGTON,22215CC/W33,SKF,Spherical Roller Bearing,UNIREX EP2 GREASE,Pillow Block - Sides,59 cm3,40%,21 g,18 g,9
ENTRY SECTION,"DFR - 345 - NO 10 (ST21) 10"" DEFLECTOR ROLL - ENTRY TRIMMER SECTION - Driven Side",FSAFS-22215-FLCL,TORRINGTON,22215CC/W33,SKF,Spherical Roller Bearing,UNIREX EP2 GREASE,Pillow Block - Sides,59 cm3,40%,21 g,18 g,11
ENTRY SECTION,"DFR - 346 - NO 10 (ST21) 10"" DEFLECTOR ROLL - ENTRY TRIMMER SECTION - OPS Side",FSAFS-22215-FLCL,TORRINGTON,22215CC/W33,SKF,Spherical Roller Bearing,UNIREX EP2 GREASE,Pillow Block - Sides,59 cm3,40%,21 g,18 g,11
ENTRY SECTION,TEN - 347 - ROLL ASSEMBLY - RE12 - Driven Side,SAFS-215,TORRINGTON,22215CC/W33,SKF,Spherical Roller Bearing,UNIREX EP2 GREASE,Pillow Block - Sides,59 cm3,40%,21 g,18 g,16
ENTRY SECTION,TEN - 348 - ROLL ASSEMBLY - RE12 - OPS Side,SAFS-215,TORRINGTON,22215CC/W33,SKF,Spherical Roller Bearing,UNIREX EP2 GREASE,Pillow Block - Sides,59 cm3,40%,21 g,18 g,16
ENTRY SECTION,LOP - 349 - ROLL ASSY E14 - UPPER LOOPER - Driven Side,SAFS-215,TORRINGTON,22215CC/W33,SKF,Spherical Roller Bearing,UNIREX EP2 GREASE,Pillow Block - Sides,59 cm3,40%,21 g,18 g,16
ENTRY SECTION,LOP - 350 - ROLL ASSY E14 - UPPER LOOPER - OPS Side,SAFS-215,TORRINGTON,22215CC/W33,SKF,Spherical Roller Bearing,UNIREX EP2 GREASE,Pillow Block - Sides,59 cm3,40%,21 g,18 g,16
ENTRY SECTION,LOP - 351 - ROLL ASSY E16 - UPPER LOOPER - Driven Side,SAFS-215,TORRINGTON,22215CC/W33,SKF,Spherical Roller Bearing,UNIREX EP2 GREASE,Pillow Block - Sides,59 cm3,40%,21 g,18 g,16
ENTRY SECTION,LOP - 352 - ROLL ASSY E16 - UPPER LOOPER - OPS Side,SAFS-215,TORRINGTON,22215CC/W33,SKF,Spherical Roller Bearing,UNIREX EP2 GREASE,Pillow Block - Sides,59 cm3,40%,21 g,18 g,16
ENTRY SECTION,LOP - 353 - ROLL ASSY E18 - UPPER LOOPER - Driven Side,SAFS-215,TORRINGTON,22215CC/W33,SKF,Spherical Roller Bearing,UNIREX EP2 GREASE,Pillow Block - Sides,59 cm3,40%,21 g,18 g,16
ENTRY SECTION,LOP - 354 - ROLL ASSY E18 - UPPER LOOPER - OPS Side,SAFS-215,TORRINGTON,22215CC/W33,SKF,Spherical Roller Bearing,UNIREX EP2 GREASE,Pillow Block - Sides,59 cm3,40%,21 g,18 g,16
ENTRY SECTION,LOP - 355 - ROLL ASSY E20 - UPPER LOOPER - Driven Side,SAFS-215,TORRINGTON,22215CC/W33,SKF,Spherical Roller Bearing,UNIREX EP2 GREASE,Pillow Block - Sides,59 cm3,40%,21 g,18 g,16
ENTRY SECTION,LOP - 356 - ROLL ASSY E20 - UPPER LOOPER - OPS Side,SAFS-215,TORRINGTON,22215CC/W33,SKF,Spherical Roller Bearing,UNIREX EP2 GREASE,Pillow Block - Sides,59 cm3,40%,21 g,18 g,16
ENTRY SECTION,LOP - 357 - ROLL ASSY E22 - UPPER LOOPER - Driven Side,SAFS-215,TORRINGTON,22215CC/W33,SKF,Spherical Roller Bearing,UNIREX EP2 GREASE,Pillow Block - Sides,59 cm3,40%,21 g,18 g,16
ENTRY SECTION,LOP - 358 - ROLL ASSY E22 - UPPER LOOPER - OPS Side,SAFS-215,TORRINGTON,22215CC/W33,SKF,Spherical Roller Bearing,UNIREX EP2 GREASE,Pillow Block - Sides,59 cm3,40%,21 g,18 g,16
ENTRY SECTION,LOP - 359 - ROLL ASSY E24 - UPPER LOOPER - Driven Side,SAFS-215,TORRINGTON,22215CC/W33,SKF,Spherical Roller Bearing,UNIREX EP2 GREASE,Pillow Block - Sides,59 cm3,40%,21 g,18 g,16
ENTRY SECTION,LOP - 360 - ROLL ASSY E24 - UPPER LOOPER - OPS Side,SAFS-215,TORRINGTON,22215CC/W33,SKF,Spherical Roller Bearing,UNIREX EP2 GREASE,Pillow Block - Sides,59 cm3,40%,21 g,18 g,16
ENTRY SECTION,LOP - 361 - ROLL ASSY E26 - UPPER LOOPER - Driven Side,SAFS-215,TORRINGTON,22215CC/W33,SKF,Spherical Roller Bearing,UNIREX EP2 GREASE,Pillow Block - Sides,59 cm3,40%,21 g,18 g,16
ENTRY SECTION,LOP - 362 - ROLL ASSY E26 - UPPER LOOPER - OPS Side,SAFS-215,TORRINGTON,22215CC/W33,SKF,Spherical Roller Bearing,UNIREX EP2 GREASE,Pillow Block - Sides,59 cm3,40%,21 g,18 g,16
ENTRY SECTION,LOP - 363 - ROLL ASSY E28 - UPPER LOOPER - Driven Side,SAFS-215,TORRINGTON,22215CC/W33,SKF,Spherical Roller Bearing,UNIREX EP2 GREASE,Pillow Block - Sides,59 cm3,40%,21 g,18 g,16
ENTRY SECTION,LOP - 364 - ROLL ASSY E28 - UPPER LOOPER - OPS Side,SAFS-215,TORRINGTON,22215CC/W33,SKF,Spherical Roller Bearing,UNIREX EP2 GREASE,Pillow Block - Sides,59 cm3,40%,21 g,18 g,16
ENTRY SECTION,LOP - 365 - ROLL ASSY EL30 - UPPER LOOPER - Driven Side,SAFS-215,TORRINGTON,22215CC/W33,SKF,Spherical Roller Bearing,UNIREX EP2 GREASE,Pillow Block - Sides,59 cm3,40%,21 g,18 g,12
ENTRY SECTION,LOP - 366 - ROLL ASSY EL30 - UPPER LOOPER - OPS Side,SAFS-215,TORRINGTON,22215CC/W33,SKF,Spherical Roller Bearing,UNIREX EP2 GREASE,Pillow Block - Sides,59 cm3,40%,21 g,18 g,12
ENTRY SECTION,LOP - 367 - ROLL ASSY EL32 - UPPER LOOPER - Driven Side,SAFS-215,TORRINGTON,22215CC/W33,SKF,Spherical Roller Bearing,UNIREX EP2 GREASE,Pillow Block - Sides,59 cm3,40%,21 g,18 g,12
ENTRY SECTION,LOP - 368 - ROLL ASSY EL32 - UPPER LOOPER - OPS Side,SAFS-215,TORRINGTON,22215CC/W33,SKF,Spherical Roller Bearing,UNIREX EP2 GREASE,Pillow Block - Sides,59 cm3,40%,21 g,18 g,12
ENTRY SECTION,LOP - 369 - ROLL ASSY EL34 - UPPER LOOPER - Driven Side,SAFS-215,TORRINGTON,22215CC/W33,SKF,Spherical Roller Bearing,UNIREX EP2 GREASE,Pillow Block - Sides,59 cm3,40%,21 g,18 g,12
ENTRY SECTION,LOP - 370 - ROLL ASSY EL34 - UPPER LOOPER - OPS Side,SAFS-215,TORRINGTON,22215CC/W33,SKF,Spherical Roller Bearing,UNIREX EP2 GREASE,Pillow Block - Sides,59 cm3,40%,21 g,18 g,12
ENTRY SECTION,LOP - 371 - ROLL ASSY EL36 - UPPER LOOPER - Driven Side,SAFS-215,TORRINGTON,22215CC/W33,SKF,Spherical Roller Bearing,UNIREX EP2 GREASE,Pillow Block - Sides,59 cm3,40%,21 g,18 g,12
ENTRY SECTION,LOP - 372 - ROLL ASSY EL36 - UPPER LOOPER - OPS Side,SAFS-215,TORRINGTON,22215CC/W33,SKF,Spherical Roller Bearing,UNIREX EP2 GREASE,Pillow Block - Sides,59 cm3,40%,21 g,18 g,12
ENTRY SECTION,LOP - 373 - ROLL ASSY EL38 - UPPER LOOPER - Driven Side,SAFS-215,TORRINGTON,22215CC/W33,SKF,Spherical Roller Bearing,UNIREX EP2 GREASE,Pillow Block - Sides,59 cm3,40%,21 g,18 g,12
ENTRY SECTION,LOP - 374 - ROLL ASSY EL38 - UPPER LOOPER - OPS Side,SAFS-215,TORRINGTON,22215CC/W33,SKF,Spherical Roller Bearing,UNIREX EP2 GREASE,Pillow Block - Sides,59 cm3,40%,21 g,18 g,12
ENTRY SECTION,LOP - 375 - ROLL ASSY E13 - CARRIAGE ASSY - ENTRY LOOPER - Driven Side,SAFS-215,TORRINGTON,22215CC/W33,SKF,Spherical Roller Bearing,UNIREX EP2 GREASE,Pillow Block - Sides,59 cm3,40%,21 g,18 g,16
ENTRY SECTION,LOP - 376 - ROLL ASSY E13 - CARRIAGE ASSY - ENTRY LOOPER - OPS Side,SAFS-215,TORRINGTON,22215CC/W33,SKF,Spherical Roller Bearing,UNIREX EP2 GREASE,Pillow Block - Sides,59 cm3,40%,21 g,18 g,16
ENTRY SECTION,LOP - 377 - ROLL ASSY E15 - CARRIAGE ASSY - ENTRY LOOPER - Driven Side,SAFS-215,TORRINGTON,22215CC/W33,SKF,Spherical Roller Bearing,UNIREX EP2 GREASE,Pillow Block - Sides,59 cm3,40%,21 g,18 g,16
ENTRY SECTION,LOP - 378 - ROLL ASSY E15 - CARRIAGE ASSY - ENTRY LOOPER - OPS Side,SAFS-215,TORRINGTON,22215CC/W33,SKF,Spherical Roller Bearing,UNIREX EP2 GREASE,Pillow Block - Sides,59 cm3,40%,21 g,18 g,16
ENTRY SECTION,LOP - 379 - ROLL ASSY E17 - CARRIAGE ASSY - ENTRY LOOPER - Driven Side,SAFS-215,TORRINGTON,22215CC/W33,SKF,Spherical Roller Bearing,UNIREX EP2 GREASE,Pillow Block - Sides,59 cm3,40%,21 g,18 g,16
ENTRY SECTION,LOP - 380 - ROLL ASSY E17 - CARRIAGE ASSY - ENTRY LOOPER - OPS Side,SAFS-215,TORRINGTON,22215CC/W33,SKF,Spherical Roller Bearing,UNIREX EP2 GREASE,Pillow Block - Sides,59 cm3,40%,21 g,18 g,16
ENTRY SECTION,LOP - 381 - ROLL ASSY E19 - CARRIAGE ASSY - ENTRY LOOPER - Driven Side,SAFS-215,TORRINGTON,22215CC/W33,SKF,Spherical Roller Bearing,UNIREX EP2 GREASE,Pillow Block - Sides,59 cm3,40%,21 g,18 g,16
ENTRY SECTION,LOP - 382 - ROLL ASSY E19 - CARRIAGE ASSY - ENTRY LOOPER - OPS Side,SAFS-215,TORRINGTON,22215CC/W33,SKF,Spherical Roller Bearing,UNIREX EP2 GREASE,Pillow Block - Sides,59 cm3,40%,21 g,18 g,16
ENTRY SECTION,LOP - 383 - ROLL ASSY E21 - CARRIAGE ASSY - ENTRY LOOPER - Driven Side,SAFS-215,TORRINGTON,22215CC/W33,SKF,Spherical Roller Bearing,UNIREX EP2 GREASE,Pillow Block - Sides,59 cm3,40%,21 g,18 g,16
ENTRY SECTION,LOP - 384 - ROLL ASSY E21 - CARRIAGE ASSY - ENTRY LOOPER - OPS Side,SAFS-215,TORRINGTON,22215CC/W33,SKF,Spherical Roller Bearing,UNIREX EP2 GREASE,Pillow Block - Sides,59 cm3,40%,21 g,18 g,16
ENTRY SECTION,LOP - 385 - ROLL ASSY E23 - CARRIAGE ASSY - ENTRY LOOPER - Driven Side,SAFS-215,TORRINGTON,22215CC/W33,SKF,Spherical Roller Bearing,UNIREX EP2 GREASE,Pillow Block - Sides,59 cm3,40%,21 g,18 g,16
ENTRY SECTION,LOP - 386 - ROLL ASSY E23 - CARRIAGE ASSY - ENTRY LOOPER - OPS Side,SAFS-215,TORRINGTON,22215CC/W33,SKF,Spherical Roller Bearing,UNIREX EP2 GREASE,Pillow Block - Sides,59 cm3,40%,21 g,18 g,16
ENTRY SECTION,LOP - 387 - ROLL ASSY E25 - CARRIAGE ASSY - ENTRY LOOPER - Driven Side,SAFS-215,TORRINGTON,22215CC/W33,SKF,Spherical Roller Bearing,UNIREX EP2 GREASE,Pillow Block - Sides,59 cm3,40%,21 g,18 g,16
ENTRY SECTION,LOP - 388 - ROLL ASSY E25 - CARRIAGE ASSY - ENTRY LOOPER - OPS Side,SAFS-215,TORRINGTON,22215CC/W33,SKF,Spherical Roller Bearing,UNIREX EP2 GREASE,Pillow Block - Sides,59 cm3,40%,21 g,18 g,16
ENTRY SECTION,LOP - 389 - ROLL ASSY E27 - CARRIAGE ASSY - ENTRY LOOPER - Driven Side,SAFS-215,TORRINGTON,22215CC/W33,SKF,Spherical Roller Bearing,UNIREX EP2 GREASE,Pillow Block - Sides,59 cm3,40%,21 g,18 g,16
ENTRY SECTION,LOP - 390 - ROLL ASSY E27 - CARRIAGE ASSY - ENTRY LOOPER - OPS Side,SAFS-215,TORRINGTON,22215CC/W33,SKF,Spherical Roller Bearing,UNIREX EP2 GREASE,Pillow Block - Sides,59 cm3,40%,21 g,18 g,16
ENTRY SECTION,LOP - 391 - ROLL ASSY EL29 - CARRIAGE ASSY - ENTRY LOOPER - Driven Side,SAFS-215,TORRINGTON,22215CC/W33,SKF,Spherical Roller Bearing,UNIREX EP2 GREASE,Pillow Block - Sides,59 cm3,40%,21 g,18 g,12
ENTRY SECTION,LOP - 392 - ROLL ASSY EL29 - CARRIAGE ASSY - ENTRY LOOPER - OPS Side,SAFS-215,TORRINGTON,22215CC/W33,SKF,Spherical Roller Bearing,UNIREX EP2 GREASE,Pillow Block - Sides,59 cm3,40%,21 g,18 g,12
ENTRY SECTION,LOP - 393 - ROLL ASSY EL31 - CARRIAGE ASSY - ENTRY LOOPER - Driven Side,SAFS-215,TORRINGTON,22215CC/W33,SKF,Spherical Roller Bearing,UNIREX EP2 GREASE,Pillow Block - Sides,59 cm3,40%,21 g,18 g,12
ENTRY SECTION,LOP - 394 - ROLL ASSY EL31 - CARRIAGE ASSY - ENTRY LOOPER - OPS Side,SAFS-215,TORRINGTON,22215CC/W33,SKF,Spherical Roller Bearing,UNIREX EP2 GREASE,Pillow Block - Sides,59 cm3,40%,21 g,18 g,12
ENTRY SECTION,LOP - 395 - ROLL ASSY EL33 - CARRIAGE ASSY - ENTRY LOOPER - Driven Side,SAFS-215,TORRINGTON,22215CC/W33,SKF,Spherical Roller Bearing,UNIREX EP2 GREASE,Pillow Block - Sides,59 cm3,40%,21 g,18 g,12
ENTRY SECTION,LOP - 396 - ROLL ASSY EL33 - CARRIAGE ASSY - ENTRY LOOPER - OPS Side,SAFS-215,TORRINGTON,22215CC/W33,SKF,Spherical Roller Bearing,UNIREX EP2 GREASE,Pillow Block - Sides,59 cm3,40%,21 g,18 g,12
ENTRY SECTION,LOP - 397 - ROLL ASSY EL35 - CARRIAGE ASSY - ENTRY LOOPER - Driven Side,SAFS-215,TORRINGTON,22215CC/W33,SKF,Spherical Roller Bearing,UNIREX EP2 GREASE,Pillow Block - Sides,59 cm3,40%,21 g,18 g,12
ENTRY SECTION,LOP - 398 - ROLL ASSY EL35 - CARRIAGE ASSY - ENTRY LOOPER - OPS Side,SAFS-215,TORRINGTON,22215CC/W33,SKF,Spherical Roller Bearing,UNIREX EP2 GREASE,Pillow Block - Sides,59 cm3,40%,21 g,18 g,12
ENTRY SECTION,LOP - 399 - ROLL ASSY EL37 - CARRIAGE ASSY - ENTRY LOOPER - Driven Side,SAFS-215,TORRINGTON,22215CC/W33,SKF,Spherical Roller Bearing,UNIREX EP2 GREASE,Pillow Block - Sides,59 cm3,40%,21 g,18 g,12
ENTRY SECTION,LOP - 400 - ROLL ASSY EL37 - CARRIAGE ASSY - ENTRY LOOPER - OPS Side,SAFS-215,TORRINGTON,22215CC/W33,SKF,Spherical Roller Bearing,UNIREX EP2 GREASE,Pillow Block - Sides,59 cm3,40%,21 g,18 g,12
ENTRY SECTION,STR - 401 - ENTRY ROLL ASSEMBLY E37 - Driven Side,SAFS-215,TORRINGTON,22215CC/W33,SKF,Spherical Roller Bearing,UNIREX EP2 GREASE,Pillow Block - Sides,59 cm3,40%,21 g,18 g,12
ENTRY SECTION,STR - 402 - ENTRY ROLL ASSEMBLY E37 - OPS Side,SAFS-215,TORRINGTON,22215CC/W33,SKF,Spherical Roller Bearing,UNIREX EP2 GREASE,Pillow Block - Sides,59 cm3,40%,21 g,18 g,12
ENTRY SECTION,STR - 403 - EXIT ROLL ASSEMBLY E38 - Driven Side,SAFS-215,TORRINGTON,22215CC/W33,SKF,Spherical Roller Bearing,UNIREX EP2 GREASE,Pillow Block - Sides,59 cm3,40%,21 g,18 g,12
ENTRY SECTION,STR - 404 - EXIT ROLL ASSEMBLY E38 - OPS Side,SAFS-215,TORRINGTON,22215CC/W33,SKF,Spherical Roller Bearing,UNIREX EP2 GREASE,Pillow Block - Sides,59 cm3,40%,21 g,18 g,12
ENTRY SECTION,GRR - 405 - ROLL E39 - Driven Side,FSAFS-317,SKF,22317CCC3/W33,SKF,Spherical Roller Bearing,UNIREX EP2 GREASE,Pillow Block - Sides,250 cm3,40%,89 g,48 g,11
ENTRY SECTION,GRR - 406 - ROLL E39 - OPS Side,FSAFS-317,SKF,22317CCC3/W33,SKF,Spherical Roller Bearing,UNIREX EP2 GREASE,Pillow Block - Sides,250 cm3,40%,89 g,48 g,11
EXIT SECTION,LOP - 407 - ROLL D1 - UPPER LOOPER - Driven Side,SAFS-215,TORRINGTON,22215CC/W33,SKF,Spherical Roller Bearing,UNIREX EP2 GREASE,Pillow Block - Sides,59 cm3,40%,21 g,18 g,16
EXIT SECTION,LOP - 408 - ROLL D1 - UPPER LOOPER - OPS Side,SAFS-215,TORRINGTON,22215CC/W33,SKF,Spherical Roller Bearing,UNIREX EP2 GREASE,Pillow Block - Sides,59 cm3,40%,21 g,18 g,16
EXIT SECTION,LOP - 409 - ROLL D3 - UPPER LOOPER - Driven Side,SAFS-215,TORRINGTON,22215CC/W33,SKF,Spherical Roller Bearing,UNIREX EP2 GREASE,Pillow Block - Sides,59 cm3,40%,21 g,18 g,16
EXIT SECTION,LOP - 410 - ROLL D3 - UPPER LOOPER - OPS Side,SAFS-215,TORRINGTON,22215CC/W33,SKF,Spherical Roller Bearing,UNIREX EP2 GREASE,Pillow Block - Sides,59 cm3,40%,21 g,18 g,16
EXIT SECTION,LOP - 411 - ROLL D5 - UPPER LOOPER - Driven Side,SAFS-215,TORRINGTON,22215CC/W33,SKF,Spherical Roller Bearing,UNIREX EP2 GREASE,Pillow Block - Sides,59 cm3,40%,21 g,18 g,16
EXIT SECTION,LOP - 412 - ROLL D5 - UPPER LOOPER - OPS Side,SAFS-215,TORRINGTON,22215CC/W33,SKF,Spherical Roller Bearing,UNIREX EP2 GREASE,Pillow Block - Sides,59 cm3,40%,21 g,18 g,16
EXIT SECTION,LOP - 413 - ROLL D7 - UPPER LOOPER - Driven Side,SAFS-215,TORRINGTON,22215CC/W33,SKF,Spherical Roller Bearing,UNIREX EP2 GREASE,Pillow Block - Sides,59 cm3,40%,21 g,18 g,16
EXIT SECTION,LOP - 414 - ROLL D7 - UPPER LOOPER - OPS Side,SAFS-215,TORRINGTON,22215CC/W33,SKF,Spherical Roller Bearing,UNIREX EP2 GREASE,Pillow Block - Sides,59 cm3,40%,21 g,18 g,16
EXIT SECTION,LOP - 415 - ROLL D11 - UPPER LOOPER - Driven Side,SAFS-215,TORRINGTON,22215CC/W33,SKF,Spherical Roller Bearing,UNIREX EP2 GREASE,Pillow Block - Sides,59 cm3,40%,21 g,18 g,16
EXIT SECTION,LOP - 416 - ROLL D11 - UPPER LOOPER - OPS Side,SAFS-215,TORRINGTON,22215CC/W33,SKF,Spherical Roller Bearing,UNIREX EP2 GREASE,Pillow Block - Sides,59 cm3,40%,21 g,18 g,16
EXIT SECTION,LOP - 417 - ROLL D13 - UPPER LOOPER - Driven Side,SAFS-215,TORRINGTON,22215CC/W33,SKF,Spherical Roller Bearing,UNIREX EP2 GREASE,Pillow Block - Sides,59 cm3,40%,21 g,18 g,16
EXIT SECTION,LOP - 418 - ROLL D13 - UPPER LOOPER - OPS Side,SAFS-215,TORRINGTON,22215CC/W33,SKF,Spherical Roller Bearing,UNIREX EP2 GREASE,Pillow Block - Sides,59 cm3,40%,21 g,18 g,16
EXIT SECTION,LOP - 419 - ROLL D15 - UPPER LOOPER - Driven Side,SAFS-215,TORRINGTON,22215CC/W33,SKF,Spherical Roller Bearing,UNIREX EP2 GREASE,Pillow Block - Sides,59 cm3,40%,21 g,18 g,16
EXIT SECTION,LOP - 420 - ROLL D15 - UPPER LOOPER - OPS Side,SAFS-215,TORRINGTON,22215CC/W33,SKF,Spherical Roller Bearing,UNIREX EP2 GREASE,Pillow Block - Sides,59 cm3,40%,21 g,18 g,16
EXIT SECTION,LOP - 421 - ROLL D2 - CARRIAGE ASSY - EXIT LOOPER - Driven Side,SAFS-215,TORRINGTON,22215CC/W33,SKF,Spherical Roller Bearing,UNIREX EP2 GREASE,Pillow Block - Sides,59 cm3,40%,21 g,18 g,16
EXIT SECTION,LOP - 422 - ROLL D2 - CARRIAGE ASSY - EXIT LOOPER - OPS Side,SAFS-215,TORRINGTON,22215CC/W33,SKF,Spherical Roller Bearing,UNIREX EP2 GREASE,Pillow Block - Sides,59 cm3,40%,21 g,18 g,16
EXIT SECTION,LOP - 423 - ROLL D4 - CARRIAGE ASSY - EXIT LOOPER - Driven Side,SAFS-215,TORRINGTON,22215CC/W33,SKF,Spherical Roller Bearing,UNIREX EP2 GREASE,Pillow Block - Sides,59 cm3,40%,21 g,18 g,16
EXIT SECTION,LOP - 424 - ROLL D4 - CARRIAGE ASSY - EXIT LOOPER - OPS Side,SAFS-215,TORRINGTON,22215CC/W33,SKF,Spherical Roller Bearing,UNIREX EP2 GREASE,Pillow Block - Sides,59 cm3,40%,21 g,18 g,16
EXIT SECTION,LOP - 425 - ROLL D6 - CARRIAGE ASSY - EXIT LOOPER - Driven Side,SAFS-215,TORRINGTON,22215CC/W33,SKF,Spherical Roller Bearing,UNIREX EP2 GREASE,Pillow Block - Sides,59 cm3,40%,21 g,18 g,16
EXIT SECTION,LOP - 426 - ROLL D6 - CARRIAGE ASSY - EXIT LOOPER - OPS Side,SAFS-215,TORRINGTON,22215CC/W33,SKF,Spherical Roller Bearing,UNIREX EP2 GREASE,Pillow Block - Sides,59 cm3,40%,21 g,18 g,16
EXIT SECTION,LOP - 427 - ROLL D8 - CARRIAGE ASSY - EXIT LOOPER - Driven Side,SAFS-215,TORRINGTON,22215CC/W33,SKF,Spherical Roller Bearing,UNIREX EP2 GREASE,Pillow Block - Sides,59 cm3,40%,21 g,18 g,16
EXIT SECTION,LOP - 428 - ROLL D8 - CARRIAGE ASSY - EXIT LOOPER - OPS Side,SAFS-215,TORRINGTON,22215CC/W33,SKF,Spherical Roller Bearing,UNIREX EP2 GREASE,Pillow Block - Sides,59 cm3,40%,21 g,18 g,16
EXIT SECTION,LOP - 429 - ROLL D10 - CARRIAGE ASSY - EXIT LOOPER - Driven Side,SAFS-215,TORRINGTON,22215CC/W33,SKF,Spherical Roller Bearing,UNIREX EP2 GREASE,Pillow Block - Sides,59 cm3,40%,21 g,18 g,16
EXIT SECTION,LOP - 430 - ROLL D10 - CARRIAGE ASSY - EXIT LOOPER - OPS Side,SAFS-215,TORRINGTON,22215CC/W33,SKF,Spherical Roller Bearing,UNIREX EP2 GREASE,Pillow Block - Sides,59 cm3,40%,21 g,18 g,16
EXIT SECTION,LOP - 431 - ROLL D12 - CARRIAGE ASSY - EXIT LOOPER - Driven Side,SAFS-215,TORRINGTON,22215CC/W33,SKF,Spherical Roller Bearing,UNIREX EP2 GREASE,Pillow Block - Sides,59 cm3,40%,21 g,18 g,16
EXIT SECTION,LOP - 432 - ROLL D12 - CARRIAGE ASSY - EXIT LOOPER - OPS Side,SAFS-215,TORRINGTON,22215CC/W33,SKF,Spherical Roller Bearing,UNIREX EP2 GREASE,Pillow Block - Sides,59 cm3,40%,21 g,18 g,16
EXIT SECTION,LOP - 433 - ROLL D14 - CARRIAGE ASSY - EXIT LOOPER - Driven Side,SAFS-215,TORRINGTON,22215CC/W33,SKF,Spherical Roller Bearing,UNIREX EP2 GREASE,Pillow Block - Sides,59 cm3,40%,21 g,18 g,16
EXIT SECTION,LOP - 434 - ROLL D14 - CARRIAGE ASSY - EXIT LOOPER - OPS Side,SAFS-215,TORRINGTON,22215CC/W33,SKF,Spherical Roller Bearing,UNIREX EP2 GREASE,Pillow Block - Sides,59 cm3,40%,21 g,18 g,16
EXIT SECTION,LOP - 435 - ROLL D15 - UPPER LOOPER - Driven Side,SAFS-215,TORRINGTON,22215CC/W33,SKF,Spherical Roller Bearing,UNIREX EP2 GREASE,Pillow Block - Sides,59 cm3,40%,21 g,18 g,16
EXIT SECTION,LOP - 436 - ROLL D15 - UPPER LOOPER - OPS Side,SAFS-215,TORRINGTON,22215CC/W33,SKF,Spherical Roller Bearing,UNIREX EP2 GREASE,Pillow Block - Sides,59 cm3,40%,21 g,18 g,16
EXIT SECTION,BRU - 437 - ENTRY ROLL - BRIDLE #5 - Driven Side,FSAFS-220,TORRINGTON,22220EJW33,TIMKEN,Spherical Roller Bearing,UNIREX EP2 GREASE,Pillow Block - Sides,177 cm3,40%,63 g,37 g,32
EXIT SECTION,BRU - 438 - ENTRY ROLL - BRIDLE #5 - OPS Side,FSAFS-220,TORRINGTON,22220EJW33,TIMKEN,Spherical Roller Bearing,UNIREX EP2 GREASE,Pillow Block - Sides,177 cm3,40%,63 g,37 g,32
EXIT SECTION,BRU - 439 - MIDDLE ROLL - BRIDLE #5 - Driven Side,FSAFS-220,TORRINGTON,22220EJW33,TIMKEN,Spherical Roller Bearing,UNIREX EP2 GREASE,Pillow Block - Sides,177 cm3,40%,63 g,37 g,32
EXIT SECTION,BRU - 440 - MIDDLE ROLL - BRIDLE #5 - OPS Side,FSAFS-220,TORRINGTON,22220EJW33,TIMKEN,Spherical Roller Bearing,UNIREX EP2 GREASE,Pillow Block - Sides,177 cm3,40%,63 g,37 g,32
EXIT SECTION,BRU - 441 - EXIT ROLL - BRIDLE #5 - Driven Side,FSAFS-220,TORRINGTON,22220EJW33,TIMKEN,Spherical Roller Bearing,UNIREX EP2 GREASE,Pillow Block - Sides,177 cm3,40%,63 g,37 g,32
EXIT SECTION,BRU - 442 - EXIT ROLL - BRIDLE #5 - OPS Side,FSAFS-220,TORRINGTON,22220EJW33,TIMKEN,Spherical Roller Bearing,UNIREX EP2 GREASE,Pillow Block - Sides,177 cm3,40%,63 g,37 g,32
EXIT SECTION,STR - 443 - ENTRY ROLL ASSEMBLY D16 - Driven Side,FSAFS-317,SKF,22317CCC3/W33,SKF,Spherical Roller Bearing,UNIREX EP2 GREASE,Pillow Block - Sides,250 cm3,40%,89 g,48 g,18
EXIT SECTION,STR - 444 - ENTRY ROLL ASSEMBLY D16 - OPS Side,FSAFS-317,SKF,22317CCC3/W33,SKF,Spherical Roller Bearing,UNIREX EP2 GREASE,Pillow Block - Sides,250 cm3,40%,89 g,48 g,18
EXIT SECTION,STR - 445 - ROLL - Driven Side,FSAFS-317,SKF,22317CCC3/W33,SKF,Spherical Roller Bearing,UNIREX EP2 GREASE,Pillow Block - Sides,250 cm3,40%,89 g,48 g,18
EXIT SECTION,STR - 446 - ROLL - OPS Side,FSAFS-317,SKF,22317CCC3/W33,SKF,Spherical Roller Bearing,UNIREX EP2 GREASE,Pillow Block - Sides,250 cm3,40%,89 g,48 g,18
EXIT SECTION,TEN - 447 - ROLL #D18 - Driven Side,FSAFS-317,SKF,22317CCC3/W33,SKF,Spherical Roller Bearing,UNIREX EP2 GREASE,Pillow Block - Sides,250 cm3,40%,89 g,48 g,18
EXIT SECTION,TEN - 448 - ROLL #D18 - OPS Side,FSAFS-317,SKF,22317CCC3/W33,SKF,Spherical Roller Bearing,UNIREX EP2 GREASE,Pillow Block - Sides,250 cm3,40%,89 g,48 g,18
EXIT SECTION,PHD - 449 - PIN HOLE DETECTOR - ANTI FLUTTER ROLL D19 - Driven Side,``,DODGE,P2B‑SXR‑111,DODGE,Eccentric Collar Ball Bearings,UNIREX EP2 GREASE,Pillow Block - Sides,117 cm3,40%,28 g,15 g,8
EXIT SECTION,PHD - 450 - PIN HOLE DETECTOR - ANTI FLUTTER ROLL D19 - OPS Side,P2B-SXR-111,DODGE,P2B‑SXR‑111,DODGE,Eccentric Collar Ball Bearings,UNIREX EP2 GREASE,Pillow Block - Sides,117 cm3,40%,28 g,15 g,8
EXIT SECTION,PHD - 451 - PIN HOLE DETECTOR - ANTI FLUTTER ROLL D19A - Driven Side,P2B-SXR-111,DODGE,P2B‑SXR‑111,DODGE,Eccentric Collar Ball Bearings,UNIREX EP2 GREASE,Pillow Block - Sides,117 cm3,40%,28 g,15 g,8
EXIT SECTION,PHD - 452 - PIN HOLE DETECTOR - ANTI FLUTTER ROLL D19A - OPS Side,P2B-SXR-111,DODGE,P2B‑SXR‑111,DODGE,Eccentric Collar Ball Bearings,UNIREX EP2 GREASE,Pillow Block - Sides,117 cm3,40%,28 g,15 g,8
EXIT SECTION,PHD - 453 - PIN HOLE DETECTOR - ANTI FLUTTER ROLL D20 - Driven Side,P2B-SXR-111,DODGE,P2B‑SXR‑111,DODGE,Eccentric Collar Ball Bearings,UNIREX EP2 GREASE,Pillow Block - Sides,117 cm3,40%,28 g,15 g,8
EXIT SECTION,PHD - 454 - PIN HOLE DETECTOR - ANTI FLUTTER ROLL D20 - OPS Side,P2B-SXR-111,DODGE,P2B‑SXR‑111,DODGE,Eccentric Collar Ball Bearings,UNIREX EP2 GREASE,Pillow Block - Sides,117 cm3,40%,28 g,15 g,8
EXIT SECTION,PHD - 455 - PIN HOLE DETECTOR - ANTI FLUTTER ROLL D20A - Driven Side,P2B-SXR-111,DODGE,P2B‑SXR‑111,DODGE,Eccentric Collar Ball Bearings,UNIREX EP2 GREASE,Pillow Block - Sides,117 cm3,40%,28 g,15 g,8
EXIT SECTION,PHD - 456 - PIN HOLE DETECTOR - ANTI FLUTTER ROLL D20A - OPS Side,P2B-SXR-111,DODGE,P2B‑SXR‑111,DODGE,Eccentric Collar Ball Bearings,UNIREX EP2 GREASE,Pillow Block - Sides,117 cm3,40%,28 g,15 g,8
EXIT SECTION,DFR - 457 - ROLL D21 - DEFLECTOR ROLL D21 - Driven Side,FSAFS-317,SKF,22317CCC3/W33,SKF,Spherical Roller Bearing,UNIREX EP2 GREASE,Pillow Block - Sides,250 cm3,40%,89 g,48 g,18
EXIT SECTION,DFR - 458 - ROLL D21 - DEFLECTOR ROLL D21 - OPS Side,FSAFS-317,SKF,22317CCC3/W33,SKF,Spherical Roller Bearing,UNIREX EP2 GREASE,Pillow Block - Sides,250 cm3,40%,89 g,48 g,18
EXIT SECTION,PIR - 459 - ROLL D22 - BOTTOM PINCH ROLL ASSY (LOWER ROLL) - Driven Side,04691220-501 - ITEM AA,DOFASCO,22317CCC3/W33,SKF,Spherical Roller Bearing,UNIREX EP2 GREASE,Pillow Block - Sides,250 cm3,40%,89 g,48 g,18
EXIT SECTION,PIR - 460 - ROLL D22 - BOTTOM PINCH ROLL ASSY (LOWER ROLL) - OPS Side,04691220-501 - ITEM AA,DOFASCO,22317CCC3/W33,SKF,Spherical Roller Bearing,UNIREX EP2 GREASE,Pillow Block - Sides,250 cm3,40%,89 g,48 g,18
EXIT SECTION,PIR - 461 - ROLL D23 - TOP PINCH ROLL ASSY (UPPER ROLL) - Driven Side,04691220-501 - ITEM AA,DOFASCO,22317CCC3/W33,SKF,Spherical Roller Bearing,UNIREX EP2 GREASE,Pillow Block - Sides,250 cm3,40%,89 g,48 g,18
EXIT SECTION,PIR - 462 - ROLL D23 - TOP PINCH ROLL ASSY (UPPER ROLL) - OPS Side,04691220-501 - ITEM AA,DOFASCO,22317CCC3/W33,SKF,Spherical Roller Bearing,UNIREX EP2 GREASE,Pillow Block - Sides,250 cm3,40%,89 g,48 g,18
EXIT SECTION,SSR - 463 - ROLL D24 - DOUBLE CUT SNIP SHEAR - Driven Side,SAF-510,SKF,22210EKJW33,SKF,Spherical Roller Bearing,UNIREX EP2 GREASE,Pillow Block - Sides,24 cm3,40%,12 g,9 g,7
EXIT SECTION,SSR - 464 - ROLL D24 - DOUBLE CUT SNIP SHEAR - OPS Side,SAF-510,SKF,22210EKJW33,SKF,Spherical Roller Bearing,UNIREX EP2 GREASE,Pillow Block - Sides,24 cm3,40%,12 g,9 g,7
EXIT SECTION,DFR - 465 - ROLL ASSY D25 - DEFLECTOR ROLLS - Driven Side,04691220-501 - ITEM AA,DOFASCO,22317CCC3/W33,SKF,Spherical Roller Bearing,UNIREX EP2 GREASE,Pillow Block - Sides,250 cm3,40%,89 g,48 g,10
EXIT SECTION,DFR - 466 - ROLL ASSY D25 - DEFLECTOR ROLLS - OPS Side,04691220-501 - ITEM AA,DOFASCO,22317CCC3/W33,SKF,Spherical Roller Bearing,UNIREX EP2 GREASE,Pillow Block - Sides,250 cm3,40%,89 g,48 g,10
EXIT SECTION,DFR - 467 - ROLL D26 - DEFLECTOR ROLLS - Driven Side,04691220-501 - ITEM AA,DOFASCO,22317CCC3/W33,SKF,Spherical Roller Bearing,UNIREX EP2 GREASE,Pillow Block - Sides,250 cm3,40%,89 g,48 g,4
EXIT SECTION,DFR - 468 - ROLL D26 - DEFLECTOR ROLLS - OPS Side,04691220-501 - ITEM AA,DOFASCO,22317CCC3/W33,SKF,Spherical Roller Bearing,UNIREX EP2 GREASE,Pillow Block - Sides,250 cm3,40%,89 g,48 g,4
EXIT SECTION,DFR - 469 - ROLL D27 - DEFLECTOR ROLLS - Driven Side,04691220-501 - ITEM AA,DOFASCO,22317CCC3/W33,SKF,Spherical Roller Bearing,UNIREX EP2 GREASE,Pillow Block - Sides,250 cm3,40%,89 g,48 g,10
EXIT SECTION,DFR - 470 - ROLL D27 - DEFLECTOR ROLLS - OPS Side,04691220-501 - ITEM AA,DOFASCO,22317CCC3/W33,SKF,Spherical Roller Bearing,UNIREX EP2 GREASE,Pillow Block - Sides,250 cm3,40%,89 g,48 g,10
EXIT SECTION,DFR - 471 - ROLL D28 - DEFLECTOR ROLLS - Driven Side,04691220-501 - ITEM AA,DOFASCO,22317CCC3/W33,SKF,Spherical Roller Bearing,UNIREX EP2 GREASE,Pillow Block - Sides,250 cm3,40%,89 g,48 g,4
EXIT SECTION,DFR - 472 - ROLL D28 - DEFLECTOR ROLLS - OPS Side,04691220-501 - ITEM AA,DOFASCO,22317CCC3/W33,SKF,Spherical Roller Bearing,UNIREX EP2 GREASE,Pillow Block - Sides,250 cm3,40%,89 g,48 g,4
EXIT SECTION,ECR - 473 - ROLL D29 - EXIT CONV ASSY - Driven Side,SAF-22515,SKF,FSAFS-22215 FXCL,TORRINGTON,Spherical Roller Bearing,UNIREX EP2 GREASE,Pillow Block - Sides,59 cm3,40%,21 g,18 g,11
EXIT SECTION,ECR - 474 - ROLL D29 - EXIT CONV ASSY - OPS Side,SAF-22515,SKF,FSAFS-22215-FLCL,TORRINGTON,Spherical Roller Bearing,UNIREX EP2 GREASE,Pillow Block - Sides,59 cm3,40%,21 g,18 g,11
EXIT SECTION,ECR - 475 - ROLL D30 - EXIT CONV ASSY - Driven Side,SAF-22515,SKF,FSAFS-22215 FXCL,TORRINGTON,Spherical Roller Bearing,UNIREX EP2 GREASE,Pillow Block - Sides,59 cm3,40%,21 g,18 g,11
EXIT SECTION,ECR - 476 - ROLL D30 - EXIT CONV ASSY - OPS Side,SAF-22515,SKF,FSAFS-22215-FLCL,TORRINGTON,Spherical Roller Bearing,UNIREX EP2 GREASE,Pillow Block - Sides,59 cm3,40%,21 g,18 g,11
EXIT SECTION,DFR - 477 - ROLL D31 - DEFLECTOR ROLLS - Driven Side,04691220-501 - ITEM AA,DOFASCO,22317CCC3/W33,SKF,Spherical Roller Bearing,UNIREX EP2 GREASE,Pillow Block - Sides,250 cm3,40%,89 g,48 g,10
EXIT SECTION,DFR - 478 - ROLL D31 - DEFLECTOR ROLLS - OPS Side,04691220-501 - ITEM AA,DOFASCO,22317CCC3/W33,SKF,Spherical Roller Bearing,UNIREX EP2 GREASE,Pillow Block - Sides,250 cm3,40%,89 g,48 g,10
EXIT SECTION,DFR - 479 - ROLL D32 - DEFLECTOR ROLLS - Driven Side,04691220-501 - ITEM AA,DOFASCO,22317CCC3/W33,SKF,Spherical Roller Bearing,UNIREX EP2 GREASE,Pillow Block - Sides,250 cm3,40%,89 g,48 g,4
EXIT SECTION,DFR - 480 - ROLL D32 - DEFLECTOR ROLLS - OPS Side,04691220-501 - ITEM AA,DOFASCO,22317CCC3/W33,SKF,Spherical Roller Bearing,UNIREX EP2 GREASE,Pillow Block - Sides,250 cm3,40%,89 g,48 g,4
